Mest anvendte forespørgsler,Klik,Eksponeringer,CTR,Placering
bag-in-box vin bedst i test,26,260,10%,3.35
chorizo i rødvin,11,40,27.5%,2.95
bedste papvin,9,35,25.71%,2.63
alkoholfri hvidvin bedst i test,8,120,6.67%,3.86
bedste bag in box rødvin,7,45,15.56%,3.98
bedste alkoholfri hvidvin,6,168,3.57%,10.51
bag-in-box vin bedst i test 2025,6,27,22.22%,1.93
sauerbraten,5,199,2.51%,4.17
vinbot,5,5,100%,1
alkoholfri rosévin bedst i test,4,29,13.79%,1.31
alkoholfri vin bedst i test,4,28,14.29%,4.46
bag-in-box rødvin bedst i test,4,16,25%,2.19
bedste alkoholfri bobler,3,52,5.77%,9.29
vin med lav alkoholprocent,3,31,9.68%,5
god papvin,3,28,10.71%,4.82
hvor længe kan vin i boks holde sig,3,23,13.04%,2.39
bedste alkoholfri rødvin test,3,23,13.04%,7.22
hvidvin med lav alkoholprocent,3,20,15%,4.05
hvidvin til smørrebrød,3,13,23.08%,5.08
hvor længe kan papvin holde sig uåbnet,2,99,2.02%,11.64
god alkoholfri rødvin,2,65,3.08%,11.02
alte reben rose,2,47,4.26%,7.43
bedste bag in box hvidvin,2,32,6.25%,3.94
vin til ceviche,2,27,7.41%,8.3
hvor længe kan bag in box vin holde sig,2,25,8%,2.36
weinhof 519 alte reben rheingau riesling trocken 2025,2,24,8.33%,10.46
bedst i test alkoholfri vin,2,14,14.29%,4.93
0 5 alkohol gravid,2,11,18.18%,4
hvor mange glas vin er der i 3 liter,2,11,18.18%,5.82
bobler til brunch,2,10,20%,3
kvalitetsvin bag-in-box,2,6,33.33%,11.67
den sidste flaske,1,512,0.2%,8.15
alkoholfri rosevin,1,322,0.31%,12.09
alkoholfri rødvin,1,224,0.45%,15.15
papvin holdbarhed,1,106,0.94%,15.32
god alkoholfri hvidvin,1,97,1.03%,12.32
vin til carpaccio,1,94,1.06%,11.37
vin til stegt flæsk,1,78,1.28%,9.42
bedste alkoholfri rødvin,1,72,1.39%,13.53
bedste alkoholfri vin,1,68,1.47%,12.16
the guv'nor rødvin tilbud,1,64,1.56%,8.59
vin til græsk mad,1,62,1.61%,7.61
the guv'nor,1,62,1.61%,8.79
alkoholfri mimosa,1,61,1.64%,7.08
billig prosecco,1,61,1.64%,9.95
holdbarhed på papvin,1,58,1.72%,16.36
bedste alkoholfri champagne,1,56,1.79%,16.09
alkoholprocent i vin,1,36,2.78%,9.81
hvidvin alkoholfri,1,36,2.78%,19.39
bedste rødvin til prisen,1,36,2.78%,23.33
bottles with history,1,35,2.86%,7.31
vin alkoholprocent,1,30,3.33%,5.67
hvor længe kan papvin holde sig,1,29,3.45%,2.79
the guvnor rødvin,1,24,4.17%,6.21
vin til paella,1,21,4.76%,4.52
hvor længe kan en papvin holde efter åbning,1,19,5.26%,3.37
vintemperatur,1,16,6.25%,7.75
vin til moussaka,1,14,7.14%,5.36
rødvin til pizza,1,14,7.14%,9.64
kan vin blive for gammelt,1,13,7.69%,15.38
hvor mange cl er der i en flaske vin,1,12,8.33%,4.08
the guvnor vin,1,10,10%,8.7
hans baer riesling alkoholfri anmeldelse,1,10,10%,9.9
alkoholfri vin test,1,10,10%,14.1
frascati vin netto,1,7,14.29%,7.71
bag in box test,1,6,16.67%,3.33
saint hilaire blanquette de limoux,1,6,16.67%,3.33
vin til quiche lorraine,1,5,20%,4.8
test alkoholfri vin,1,5,20%,19.6
god billig prosecco,1,4,25%,7.75
aop vin france,1,3,33.33%,5.67
vinregioner frankrig,1,3,33.33%,11.33
alkoholfri hvidvin kvickly,1,2,50%,2
forslag til sommerfrokost,1,2,50%,2.5
sauvignon blanc vs pinot blanc,1,1,100%,1
vis et billede af det,1,1,100%,1
pasta vongole opskrift,1,1,100%,2
hvor kan man købe i danmark,1,1,100%,4
test bag in box 2026,1,1,100%,4
god alkoholfri hvitvin,1,1,100%,5
hvor kan jeg købe den,1,1,100%,5
sarris robola,1,1,100%,5
dr loosen riesling dry 2024,1,1,100%,6
hvilken champagne til brunch,1,1,100%,7
inama carmenere piu,1,1,100%,7
god alkohoklfri hvidvin,0,967,0%,17.41
densidsteflaske,0,422,0%,9.16
alkoholfri vin,0,320,0%,27.21
alkoholfri hvidvin,0,265,0%,16.56
syrah,0,237,0%,18.14
alkoholfri champagne,0,221,0%,22.17
ost til vin,0,208,0%,23.83
vin til flæskesteg,0,169,0%,23.73
god hvidvin,0,148,0%,29.19
vin til asiatisk mad,0,146,0%,24.23
vin til sushi,0,138,0%,33.56
hvidvin alkoholprocent,0,121,0%,12.83
hvidvin,0,110,0%,36.13
vin til pizza,0,103,0%,22.25
god alkoholfri champagne,0,102,0%,18.44
vin til svinekød,0,101,0%,15.42
hvor mange kalorier er der i en flaske hvidvin,0,98,0%,8.92
vin til ost,0,94,0%,25.53
vin til grill,0,92,0%,22.41
vin til fest,0,90,0%,34.9
rose alkoholfri,0,89,0%,13.19
vin til kalkun,0,89,0%,15.09
vin til kylling,0,88,0%,40.56
hvor mange glas er der i en flaske vin,0,87,0%,13.53
god vin til ost,0,87,0%,19.77
vin til bøf,0,86,0%,14.29
vin til gås,0,86,0%,14.29
garnacha,0,86,0%,23.83
vin til peberbøf,0,85,0%,13.87
vin til bøf stroganoff,0,85,0%,17.64
mad til champagne,0,85,0%,25.4
vin til bryllup,0,83,0%,35.81
vin til oksekød,0,82,0%,22.61
rosevin uden alkohol,0,81,0%,9.23
alkoholfri rose,0,81,0%,11.88
rødvin til flæskesteg,0,81,0%,24.23
champagne til mad,0,81,0%,34.53
god alkoholfri rosevin,0,80,0%,11.03
vin flæskesteg,0,79,0%,18.99
vin til svin,0,79,0%,20.91
vin til lasagne,0,77,0%,14.47
papvin,0,77,0%,18.94
vin til risotto,0,76,0%,14.21
pinot blanc,0,76,0%,27.03
vin til laks,0,75,0%,20.13
billig hvidvin,0,75,0%,23.05
champagne uden alkohol,0,74,0%,21.76
kalorier i vin,0,74,0%,26.27
sangiovese,0,74,0%,33.31
portvin procent,0,73,0%,8.92
vin til burger,0,73,0%,14.23
vin til oksefilet,0,71,0%,19.17
vin til kylling i karry,0,70,0%,16.29
champagne til studenterfest.,0,69,0%,7
prosecco alkoholprocent,0,68,0%,6.29
hvidvin uden alkohol,0,68,0%,13.44
vin til indisk mad,0,68,0%,16.76
vin til rejer,0,67,0%,18.37
hvor lang tid kan vin holde sig uåbnet,0,67,0%,18.96
hvor mange genstande i en flaske vin,0,66,0%,19.5
merlot drue,0,66,0%,26.44
hvad drikker man til sushi,0,66,0%,29.05
billig rosevin,0,65,0%,24.95
vin til tartar,0,64,0%,13.23
grenache,0,63,0%,34.3
vinkøleskab,0,63,0%,63.76
rødvin alkoholfri,0,62,0%,15.9
vin til pulled pork,0,61,0%,14.87
hvilken vin til indisk mad,0,61,0%,19.75
vin til dyreryg,0,61,0%,25.72
markedsføring vin,0,60,0%,8.93
hvor lang tid kan en papvin holde sig,0,60,0%,12.92
hvad vejer en flaske vin,0,59,0%,2.78
alkoholfri rødvin bedst i test,0,59,0%,5.8
cabernet sauvignon lagring,0,59,0%,8.93
riesling temperatur,0,59,0%,13.07
vin til tarteletter,0,59,0%,17.85
hvor lang tid kan papvin holde sig,0,58,0%,9.9
kan man blive syg af gammel vin,0,58,0%,12.28
holdbarhed vin i boks,0,58,0%,13.47
genstande i en flaske vin,0,58,0%,21.19
vin til konfirmation,0,58,0%,24.36
vin til smørrebrød,0,57,0%,11.61
god billig rosevin,0,57,0%,15.58
portvin temperatur,0,57,0%,38.09
vin til gedeost,0,56,0%,13.66
hvor mange genstande er der i en flaske vin,0,56,0%,25.11
bedste champagne under 300 kr.,0,55,0%,5.07
holdbarhed papvin,0,55,0%,15.44
bedste riesling til prisen,0,55,0%,15.6
papvin holdbarhed efter åbning,0,55,0%,16.8
vin til røget laks,0,55,0%,19.11
hvidvin til laks,0,55,0%,25.2
portvin holdbarhed uåbnet,0,55,0%,34.73
vin på fad,0,54,0%,38.48
vin til ribeye,0,53,0%,15.47
vin til svinemørbrad,0,53,0%,19.55
naturvin,0,53,0%,30.15
bedste champagne under 500 kr.,0,52,0%,6.29
vin i boks holdbarhed,0,52,0%,13.37
vin til nytårsaften,0,52,0%,22.35
vin til kalvemørbrad,0,52,0%,28.42
vin til torsk,0,52,0%,30.38
vin til carbonara,0,51,0%,9.67
marlborough vin,0,51,0%,16.16
vin til maden svinekød,0,51,0%,16.2
bedste ost til rødvin,0,51,0%,19.31
vin til thaimad,0,51,0%,21.29
vin til oksemørbrad,0,51,0%,28.14
johnsen wine,0,50,0%,6.26
hvor mange glas vin er der i en flaske,0,50,0%,12.48
rødvin uden alkohol,0,50,0%,18.7
hvilken vin til ost,0,50,0%,21.18
temperatur på portvin,0,50,0%,33.56
vin,0,50,0%,75.98
rødvinsmarinade til oksekød,0,49,0%,9.82
papvin tilbud,0,49,0%,11.39
syrah drue,0,49,0%,17.22
bedste portvin,0,49,0%,22.18
vin til gris,0,49,0%,25.96
holdbarhed vin,0,49,0%,34.63
hvor mange cl er et glas vin,0,48,0%,8.79
riesling serveringstemperatur,0,48,0%,11.54
vin til bøf bearnaise,0,48,0%,18.17
vin til krydret mad,0,47,0%,23.96
champagne serveringstemperatur,0,47,0%,24.98
hvidvin holdbarhed efter åbning,0,47,0%,25.94
vin til butter chicken,0,46,0%,11.91
hvilken vin til suppe,0,46,0%,17.28
shiraz,0,46,0%,23.57
verdens bedste vin,0,46,0%,24.11
vin til fisk,0,46,0%,38.02
jeg leder efter en elegant blanc de blancs til under 600 kr.,0,45,0%,10.07
vin holdbarhed efter åbning,0,45,0%,35.93
alkoholfri bobler,0,45,0%,37.71
vin til gulrotsuppe,0,45,0%,39.53
alsace vin,0,45,0%,43.93
god vin til pizza,0,44,0%,21.39
åben vin holdbarhed,0,44,0%,27.98
vin til and,0,44,0%,34.41
god billig rødvin,0,44,0%,36.84
champagne til kransekage,0,44,0%,39.52
god portvin,0,44,0%,55.18
hvor længe kan vin i box holde sig,0,43,0%,13.12
vin til ost og pølse,0,43,0%,24.63
god billig hvidvin,0,43,0%,27.86
dansk hvidvin,0,43,0%,34.26
the guv'nor rødvin,0,42,0%,7.93
portvin alkoholprocent,0,42,0%,8.55
vin til tatar,0,42,0%,11.38
alkoholfri rosévin,0,42,0%,11.74
vin til mexicansk mad,0,42,0%,14.12
vin til mad tatar,0,42,0%,14.64
hvor mange cl i et glas vin,0,42,0%,15.83
catalonien vin,0,42,0%,24.31
georgisk vin,0,42,0%,24.62
vin til krondyr,0,42,0%,27.86
hvidvin til sushi,0,42,0%,28.48
hvor længe kan rødvin holde sig efter åbning,0,42,0%,29.17
god vin til sushi,0,42,0%,36.21
god rødvin,0,42,0%,58.52
vinkøleskabet rabatkode,0,41,0%,9.27
rosevin alkoholfri,0,41,0%,11.71
hvilken vin passer til flæskesteg,0,41,0%,26.12
rødvin til sushi,0,41,0%,36.27
bobler til kransekage,0,40,0%,21.6
god hvidvin til sushi,0,40,0%,27.75
bedste vin til sushi,0,40,0%,35.62
søde bobler,0,40,0%,35.98
god rosevin,0,40,0%,44
mimosa,0,39,0%,2.44
rosévin alkoholprocent,0,39,0%,17.03
hvad er tanniner,0,39,0%,24.13
vin kvalitet,0,39,0%,34.21
stegt flæsk med persillesovs,0,39,0%,73.79
the guv'nor tinto,0,38,0%,9.71
rødvinsmarinade,0,38,0%,10
vin til suppe,0,38,0%,16.13
hvad drikker man til mexicansk mad,0,38,0%,18
vin til oste,0,38,0%,25.53
sommervin,0,38,0%,29.68
hvor mange genstande er der i 3 liter vin,0,37,0%,19.16
rødvin til oksekød,0,37,0%,22.7
gode vine,0,37,0%,26.73
mængde vin til fest,0,37,0%,28.51
sushi vin,0,37,0%,30.73
flaskestørrelser,0,36,0%,13.78
vin til tomatsuppe,0,36,0%,14.42
vin til gullasch,0,36,0%,16.36
riesling sushi,0,36,0%,24.28
italiensk vin til oksemørbrad,0,36,0%,25.44
chenin blanc vin,0,36,0%,30.25
bedste champagne til kransekage,0,36,0%,32.06
vin til indisk mat,0,36,0%,51.92
serveringstemperatur riesling,0,35,0%,12.89
etna vin,0,35,0%,18.97
dessertvin til ost,0,35,0%,20.34
hvor mange glas i en flaske vin,0,35,0%,21.91
vin til græskarsuppe,0,35,0%,26.86
vin til bryllup hvor meget,0,35,0%,33.86
vin til fest hvor meget,0,35,0%,34.14
portvin serveringstemperatur,0,35,0%,34.69
spanske kødboller mou,0,35,0%,40.77
er grower champagne bedre end de store huse?,0,34,0%,4.35
champagne alkoholprocent,0,34,0%,11.94
hvilken vin passer til mexicansk mad,0,34,0%,13.18
vin kalkun,0,34,0%,14.74
tanniner farligt,0,34,0%,16.12
antal genstande i en flaske vin,0,34,0%,18.62
rødvin holdbarhed,0,34,0%,24.62
rosevin til ost,0,34,0%,25.09
tør hvidvin,0,34,0%,25.18
hvilken vin til sushi,0,34,0%,28.03
god billig vin til fest,0,34,0%,29.65
sauvignon blanc,0,34,0%,70.32
bedste portvin 2016,0,33,0%,10.85
alkoholfri asti,0,33,0%,15.33
rødvin til laks,0,33,0%,21.27
sangiovese drue,0,33,0%,22.21
ost og vin,0,33,0%,25.06
hvor længe kan hvidvin holde sig,0,33,0%,25.18
kan hvidvin blive for gammel,0,33,0%,25.24
beregn vin til fest,0,33,0%,26.03
holdbarhed hvidvin,0,33,0%,26.12
fadlagring,0,33,0%,26.18
hvidvin sushi,0,33,0%,27.58
hvor meget vin til konfirmation,0,33,0%,27.7
god sommervin,0,33,0%,29.06
vin til lammekølle,0,33,0%,32.67
vin til kremet suppe,0,33,0%,36.39
dansk vin,0,33,0%,36.82
ripasso til lam,0,33,0%,52.52
sød hvidvin,0,33,0%,66.45
vinregion dao,0,32,0%,7.66
vin til roastbeef,0,32,0%,10.56
hvor mange glass er det i en flaske vin,0,32,0%,15.5
sangiovese druen,0,32,0%,17.22
chianti drue,0,32,0%,17.66
pinot blanc wines,0,32,0%,20.25
vin til kylling curry,0,32,0%,32.97
bedste rødvin,0,32,0%,33.19
hvor meget vin pr person til konfirmation,0,32,0%,36
amarone til lam,0,32,0%,37.5
god kraftig rødvin,0,32,0%,50.16
the guvnor,0,31,0%,8.19
sps wine,0,31,0%,8.87
hvor mange glas er der i en flaske champagne,0,31,0%,10.52
vin til bearnaise,0,31,0%,16.13
rosevin alkoholprocent,0,31,0%,17.55
vin til grillet laks,0,31,0%,19.52
vin til nytår,0,31,0%,20.61
bedste vin til oksemørbrad,0,31,0%,25.55
god og billig rødvin,0,31,0%,26.94
vin til kyllingsuppe,0,31,0%,39.06
drikke til indisk mat,0,31,0%,54.9
merlot,0,31,0%,57.97
cava eller prosecco,0,31,0%,58.58
vin til lammestek,0,31,0%,59.23
hvad er sulfitter i vin,0,30,0%,11.53
vin til gåsesteg,0,30,0%,12.73
billig rose,0,30,0%,19.9
flaske vin genstande,0,30,0%,19.93
champagne kalorier,0,30,0%,20.6
rosevin med bobler,0,30,0%,21.07
genstande i vin,0,30,0%,22.9
vin til jordskokkesuppe,0,30,0%,23.03
syre i vin,0,30,0%,27.17
rødvin til thaimat,0,30,0%,45.63
drikke til thaimat,0,30,0%,57.5
hvilken champagne er bedst til en gave under 500 kr.?,0,29,0%,4.21
hvor meget er et glas vin,0,29,0%,9.41
vin til ostebord,0,29,0%,14.03
rødvin til ost,0,29,0%,27.34
mosel vinområde,0,29,0%,34.1
mou spanske kødboller,0,29,0%,41.86
vin til indisk kyllingsuppe,0,29,0%,43.21
vin til svinestek,0,29,0%,48.83
rødvin til breiflabb,0,29,0%,53.48
vin til fløtesaus,0,29,0%,57.86
vin til sterk mat,0,29,0%,63.52
vin til gazpacho,0,28,0%,5.68
vin til studenterfest,0,28,0%,11.11
rødvin til oksefilet,0,28,0%,16.21
vin til rådyr,0,28,0%,18.86
genstande flaske vin,0,28,0%,21.14
vin til tunbøf,0,28,0%,23.43
vin til lys fisk,0,28,0%,33.18
vin til kantarellsuppe,0,28,0%,50.86
vin til grillet kylling,0,28,0%,54.14
vin til påskelammet,0,28,0%,62.93
prosecco cremant,0,27,0%,13.44
vin til kransekage,0,27,0%,17.15
merlot druen,0,27,0%,22.67
vin til kinesisk mad,0,27,0%,28.7
syrah vin,0,27,0%,29.67
vin til and og flæskesteg,0,27,0%,33.07
billig god rødvin,0,27,0%,34.85
serveringstemperatur portvin,0,27,0%,35.81
vin fra danmark,0,27,0%,38.78
bag in box wine,0,27,0%,51.37
vin til kyllingsuppe med karri,0,27,0%,53.89
vin til kylling 2016,0,27,0%,63.89
hvad drikker man til stegt flæsk og persillesovs,0,26,0%,9
alkoholfri prosecco,0,26,0%,14.08
vin til chokolademousse,0,26,0%,16.58
hvad koster en god champagne,0,26,0%,19.12
garnacha drue,0,26,0%,20.88
vin til koldrøget laks,0,26,0%,21.69
vin til boller i karry,0,26,0%,21.92
viognier,0,26,0%,24.42
rødvin til vildt,0,26,0%,25.81
kcal i vin,0,26,0%,28
billig rødvin,0,26,0%,42.62
øl til indisk mat,0,26,0%,57.35
kylling vin,0,26,0%,69
mer 012 merlot,0,25,0%,13.24
vin til varmrøget laks,0,25,0%,20.2
vin til cote de boeuf,0,25,0%,20.72
dyr hvidvin,0,25,0%,22.08
rose med bobler,0,25,0%,23.96
vin til laks i ovn,0,25,0%,24.4
champagne til sushi,0,25,0%,25.4
hvidvin til ost,0,25,0%,27.4
bobler uden alkohol,0,25,0%,33.96
rødvin til torskeloin,0,25,0%,55.24
vin til torsk med sandefjordsmør,0,25,0%,59.68
piemonte vin,0,25,0%,66.48
amarone serveringstemperatur,0,24,0%,14.42
hvad er forskellen på cremant og champagne,0,24,0%,17.54
vin kalorier glas,0,24,0%,19.42
vin fra alsace,0,24,0%,21.33
bedste vin,0,24,0%,23.71
rødvin til reception,0,24,0%,23.92
tanniner i rødvin,0,24,0%,24.75
god portvin til prisen,0,24,0%,27.25
alkoholfri mousserende vin,0,24,0%,40.58
rødvin til torsk,0,24,0%,60
hvor meget vejer en flaske vin,0,23,0%,3.22
kalorier i en flaske vin,0,23,0%,8.39
vin med 5 procent alkohol,0,23,0%,8.87
hvad betyder aop,0,23,0%,9.17
shiraz sortiment,0,23,0%,12.7
vin til comté ost,0,23,0%,16.7
vinforslag til vildænder,0,23,0%,17.09
beste vin til lasagne,0,23,0%,17.17
hvor mange kalorier i rødvin,0,23,0%,19.3
kalorier i et glas hvidvin,0,23,0%,21.3
hvor mange kalorier i vin,0,23,0%,21.35
vin til grillet fisk,0,23,0%,21.35
vine til konfirmation,0,23,0%,22.78
kalorie i vin,0,23,0%,23.26
pizza og vin,0,23,0%,24.83
hvidvin druer,0,23,0%,25.17
portvin til ost,0,23,0%,25.48
hvidvin kalorier,0,23,0%,26.91
tagine af gris,0,23,0%,30.83
aop vin,0,23,0%,36.7
mat- og vintur bourgogne,0,23,0%,40.74
vin til lam,0,23,0%,43.09
tyndskåret spansk grisekød,0,23,0%,44.3
catalan food wines,0,23,0%,89.39
hvidvin procent,0,22,0%,4.41
alkoholfri rosévin test,0,22,0%,5.91
rødvin procent,0,22,0%,6.77
kalorier i alkoholfri vin,0,22,0%,8.77
vinkøleskabet,0,22,0%,17.36
hvor mange kalorier er der i et glas rødvin,0,22,0%,17.68
kalorier glas vin,0,22,0%,19.41
kalorier i et glas vin,0,22,0%,20.77
hvad er naturvin,0,22,0%,24.5
dansk rødvin,0,22,0%,25.5
pet nat,0,22,0%,28.41
god hvidvin til konfirmation,0,22,0%,29.91
kan prosecco blive for gammel,0,21,0%,8.05
guvnor vin,0,21,0%,8.38
hvad er sulfit,0,21,0%,9.24
appellation,0,21,0%,9.33
petillant naturel,0,21,0%,10.14
vin til helleflynder,0,21,0%,13.95
glas vin kalorier,0,21,0%,19.14
pris hvidvin,0,21,0%,21.1
andebryst rødvin,0,21,0%,22.19
bobler til nytår,0,21,0%,23.43
vin og ost,0,21,0%,24.38
rødvin til oksemørbrad,0,21,0%,24.43
vinområder tyskland,0,21,0%,24.71
pinot gris grigio,0,21,0%,27.43
hvidvin til kylling,0,21,0%,29.62
merlot vin,0,21,0%,46.52
rødvin til torsk 2017,0,21,0%,65.67
toscana vin,0,21,0%,72.67
vinflod,0,20,0%,5.45
hvor mange kalorier i en flaske hvidvin,0,20,0%,9.35
vin til andebryst,0,20,0%,17.85
vin til konfirmation mængde,0,20,0%,19.9
vin til andesteg,0,20,0%,24.65
tanniner vin,0,20,0%,32.55
hvilken vin skal jeg vælge,0,20,0%,33.65
alkoholfri mousserende,0,20,0%,38.45
vintilbud,0,20,0%,39.5
vinkøleskabe,0,20,0%,47.5
cremant vs champagne,0,20,0%,68.25
hvor mange ml er der i et glas,0,19,0%,5.68
hvor meget alkohol er der i vin,0,19,0%,5.74
hvor mange cl er der i et glas vin,0,19,0%,7.79
marsala vin til tiramisu,0,19,0%,7.95
bedste portvin til risalamande,0,19,0%,14.16
vin til comte ost,0,19,0%,14.74
alkoholfri rødvin test,0,19,0%,14.84
kalorie i rødvin,0,19,0%,19.58
marsala tiramisu,0,19,0%,19.63
kalorier 1 glas rødvin,0,19,0%,20.37
vin nytårsaften,0,19,0%,21
canadisk vin,0,19,0%,22.89
vin & drinks,0,19,0%,22.95
bobler til sushi,0,19,0%,23.74
bedste vine at investere i,0,19,0%,27
hvidvingod hvidvin,0,19,0%,27.74
vin fra andalusien,0,19,0%,29.05
vin til bolognese,0,19,0%,29.79
vin med lavt tannin,0,19,0%,30.79
vin til asparges,0,19,0%,33.63
det bedste af det billige hvidvin,0,19,0%,38.32
hvad er orangevin,0,19,0%,39.79
champagne distrikt,0,19,0%,48.26
hvidvine,0,19,0%,54.58
hvor mange ml er et glas vin,0,18,0%,2.94
bedste alkoholfri rose vin,0,18,0%,3.83
milf,0,18,0%,3.94
hedvin procent,0,18,0%,8
vin fra uruguay,0,18,0%,13.06
carpaccio vintips,0,18,0%,14.83
kalorier et glas vin,0,18,0%,23.33
kcal vin,0,18,0%,24.17
franske bobler,0,18,0%,24.56
garnacha vin,0,18,0%,24.94
sicilien vin,0,18,0%,25.72
vin til thailandsk mad,0,18,0%,26.56
vin til østers,0,18,0%,28.56
temperatur champagne,0,18,0%,32.5
vin tilbud,0,18,0%,47.06
stegt flæsk med persillesovs opskrift,0,18,0%,64.17
75 cl,0,17,0%,4.35
vin procent,0,17,0%,6.88
mimosa alkoholfri,0,17,0%,8.47
hvor lang tid kan hvidvin holde sig åbnet,0,17,0%,9.82
the governor vin,0,17,0%,10.06
petnat,0,17,0%,10.47
rose alkoholprocent,0,17,0%,12.88
georgisk vin import,0,17,0%,18.82
bedste hvidvin,0,17,0%,18.88
vin til julefrokost,0,17,0%,23.29
hvidvin til oksekød,0,17,0%,24
vin til risalamande,0,17,0%,24.76
bedste rødvin til oksemørbrad,0,17,0%,25
kcal i hvidvin,0,17,0%,25.88
toscansk vin god til mad,0,17,0%,26.53
bedste rosé vin,0,17,0%,26.65
vin til vildt,0,17,0%,27.18
god vin til oksemørbrad,0,17,0%,32.88
god billig champagne,0,17,0%,40.71
hvilken temperatur skal champagne serveres ved,0,17,0%,42.76
stegt flæsk persillesovs,0,17,0%,69.35
hvor længe kan papvin holde sig åbnet,0,16,0%,4.75
alsace vin til mad,0,16,0%,5.19
bedste alkoholfrie hvidvin,0,16,0%,6
sidsteflaske,0,16,0%,7
rødvin alkoholprocent,0,16,0%,8.25
hvor meget er der i et glas vin,0,16,0%,8.94
winther vin,0,16,0%,9.19
yellow tail hvidvin netto,0,16,0%,10.56
vin rose frizzante,0,16,0%,15.75
vin til stærk mad,0,16,0%,15.94
alkoholfri dessertvin,0,16,0%,19.88
hvad er tanniner i rødvin,0,16,0%,20.38
vin til hamburgerryg,0,16,0%,22.62
tanniner rødvin,0,16,0%,24.38
kalorier i hvidvin og rødvin,0,16,0%,24.62
riesling servering,0,16,0%,24.88
gode hvidvin,0,16,0%,26.75
beyaz vin,0,16,0%,27.56
kalorier hvidvin,0,16,0%,28
god rødvin til oksemørbrad,0,16,0%,30.69
vin til osso buco,0,16,0%,30.69
vin til okseculotte,0,16,0%,31
vol au vent,0,16,0%,33.56
vin til hummer,0,16,0%,33.75
gode rose vin,0,16,0%,33.88
rødvin temperatur,0,16,0%,37.38
hvor meget vin pr person,0,16,0%,41.62
tilbud vin,0,16,0%,42.38
chenin blanc,0,16,0%,54.06
vin til mad,0,16,0%,58.12
mosel vin,0,16,0%,78.88
vin aop,0,16,0%,85.81
krebsesuppe,0,15,0%,7.6
flaskestørrelser vin,0,15,0%,8.6
falafel tallerken,0,15,0%,11.4
billig cava,0,15,0%,12
vin til manchego ost,0,15,0%,14.33
mad til barolo vin,0,15,0%,15.27
vin til panna cotta,0,15,0%,16.07
drinks med vin,0,15,0%,19.07
rødvin næringsindhold,0,15,0%,22.13
den hvide amarone,0,15,0%,24.07
tanniner i vin,0,15,0%,24.73
ost til portvin,0,15,0%,26.07
hvor mange cl er et glas rødvin,0,15,0%,27
sangiovese rødvin,0,15,0%,27.53
god vin,0,15,0%,35.6
champagne nytår,0,15,0%,41.13
nytår champagne,0,15,0%,42.6
mat som passer til rosevin,0,15,0%,55.67
bobler,0,15,0%,62.53
riesling vin,0,15,0%,66.07
alkoholfri bobler bedst i test,0,14,0%,1.86
ristaffel,0,14,0%,2.71
vinflaske der svarer til 8 flasker,0,14,0%,8.14
sidste flaske vin,0,14,0%,9.07
hvor meget er der i en flaske vin,0,14,0%,11.71
hvor mange genstande er der i en flaske vin på 13,0,14,0%,12
sonoma chardonnay seghesio,0,14,0%,12.36
bedste champagne til nytår,0,14,0%,15.5
burrata frizzante,0,14,0%,22.43
siciliansk vin,0,14,0%,23.07
rosé med bobler,0,14,0%,23.93
vin til torks,0,14,0%,29.07
rødvin køleskab,0,14,0%,29.86
ost og rødvin,0,14,0%,30.14
god rosé,0,14,0%,32.79
vin til sej fisk,0,14,0%,40.64
vin på tilbud,0,14,0%,45.86
vin til torsk med chorizo,0,14,0%,58.14
guv'nor rødvin,0,13,0%,3.77
alkoholfri vin anmeldelse,0,13,0%,4.85
hedvin alkoholprocent,0,13,0%,9.77
alkoholfri rose vin,0,13,0%,11.38
bedste cremant til prisen,0,13,0%,16.15
hvor mange glas vin må man køre på,0,13,0%,17.92
hvilken champagne til mimosa,0,13,0%,18.38
vin til hønsekødssuppe,0,13,0%,20.23
champagne temperatur,0,13,0%,20.46
rosevin bobler,0,13,0%,20.77
hovedpine rødvin,0,13,0%,21.08
rose bobler,0,13,0%,21.77
cava champagne,0,13,0%,22.23
vin til franske oste,0,13,0%,23.62
champagne til nytår,0,13,0%,24.54
pinot blanc vin,0,13,0%,25.77
det bedste af det billige rødvin,0,13,0%,26.69
ost og portvin,0,13,0%,27.62
nebbiolo,0,13,0%,28.38
vin til chili con carne,0,13,0%,28.77
verdejo drue,0,13,0%,29.15
rosevin temperatur,0,13,0%,31.15
vin til lammeculotte,0,13,0%,32.23
tanniner,0,13,0%,33.92
hvilken vin til krydret mad,0,13,0%,37.69
vin til kalvefilet,0,13,0%,41.31
god sød hvidvin,0,13,0%,49.85
billig vin,0,13,0%,53.23
retter med medister,0,13,0%,59.85
stegt flæsk i persillesovs,0,13,0%,71.54
tapas rose,0,12,0%,3.92
hvor høj alkoholprocent kan vin have,0,12,0%,7
vin alkohol procent,0,12,0%,7.08
hvor mange kalorier er der i en flaske rosevin,0,12,0%,7.58
cava til mimosa,0,12,0%,8.5
aop betyder,0,12,0%,9.08
hvor længe kan en hvidvin holde sig efter åbning,0,12,0%,11.67
alkoholprocent i champagne,0,12,0%,12.5
vin til wienerschnitzel,0,12,0%,14.67
alkoholfri bobler ribe,0,12,0%,18
hvilken vin til panna cotta,0,12,0%,19.25
vin viden,0,12,0%,21.17
vin til italiensk tapas,0,12,0%,22.83
vin til indisk curry,0,12,0%,23.67
riesling vin til fisk,0,12,0%,24.42
vin til confiteret and,0,12,0%,25.33
souvlaki,0,12,0%,26.5
vin til stjerneskud,0,12,0%,26.75
hvilken vin til fisk,0,12,0%,27.75
lækre rødvine,0,12,0%,28.08
vin gamay,0,12,0%,31.58
god hvidvin til torsk,0,12,0%,35.83
god champagne,0,12,0%,37.08
hvilken vin til østers,0,12,0%,39.75
hvidvin temperatur,0,12,0%,42.17
gode hvidvine,0,12,0%,42.5
bedste vin til prisen,0,12,0%,44.58
vin til tun,0,12,0%,46.42
vin til mørksej,0,12,0%,48.25
hvilken temperatur skal rødvin have,0,12,0%,49.08
vin med bobler,0,12,0%,52.17
opskrifter med medister,0,12,0%,58.42
gamay,0,12,0%,58.5
stegt flæsk med persillesovs og kartofler,0,12,0%,60.75
stegt flæsk med kartofler og persillesovs,0,12,0%,67.42
køb vin online,0,12,0%,73.75
flæsk og persillesovs,0,12,0%,80
veau,0,11,0%,4.45
1 glas vin ml,0,11,0%,7.55
vinflaske svarende til 8 flasker,0,11,0%,9.27
kcal i en flaske rødvin,0,11,0%,9.36
pétillant,0,11,0%,9.36
vin petillant,0,11,0%,9.36
hvor mange kalorier er der i en flaske rødvin,0,11,0%,10.45
alkoholfri champagne rema 1000,0,11,0%,11.45
guv'nor,0,11,0%,11.82
kold rødvin,0,11,0%,12.82
bedste portvin 2019,0,11,0%,13.09
dekanterer,0,11,0%,13.36
hvor længe kan hvidvin holde sig efter åbning,0,11,0%,18.18
vin til fisk og peberrod,0,11,0%,19.64
portvin tawny,0,11,0%,20.09
lys rosevin,0,11,0%,21.45
bedste rosevin,0,11,0%,23
gamay drue,0,11,0%,23.82
forskel på brut og demi sec,0,11,0%,31
grillet halloumi,0,11,0%,37.27
napa valley vin,0,11,0%,37.64
alkoholfri bobler jylland,0,11,0%,41.64
sangiovese vin,0,11,0%,50.64
sovs til stegt flæsk,0,11,0%,51
vin guide til mad,0,11,0%,51.73
vinrummet,0,11,0%,63.36
flæsk med persillesovs,0,11,0%,70.64
vin til mellemøstlig mad,0,11,0%,71.18
riesling,0,11,0%,75.27
paneret flæsk med persillesovs,0,11,0%,76.36
stegt flæsk og persillesovs,0,11,0%,77
vin usa,0,11,0%,77.36
alsace vine,0,11,0%,88
hvor mange ml er der i et glas vin,0,10,0%,4.2
mousserende vin til mimosa,0,10,0%,6.8
bedste vin til tacos,0,10,0%,7.9
hvor lang er en vinflaske,0,10,0%,8
pet nat naturvin,0,10,0%,8.4
sps vine,0,10,0%,8.6
vin 5 procent,0,10,0%,9
sidste flaske,0,10,0%,9.1
kcal i en flaske hvidvin,0,10,0%,9.3
whiskystack,0,10,0%,9.3
vin til spareribs,0,10,0%,10
alkoholfri rosé,0,10,0%,10.3
hvor mange kalorier i en flaske vin,0,10,0%,10.3
hvor meget er der i en magnum flaske,0,10,0%,11.2
freixenet alkoholfri hvidvin,0,10,0%,11.5
hvor længe kan hvidvin holde sig uåbnet,0,10,0%,11.6
vin og svin,0,10,0%,18.9
vin til kalv,0,10,0%,19.3
vin til stærk mad laks,0,10,0%,19.4
salade nicoise,0,10,0%,20.4
tawny portvin holdbarhed,0,10,0%,22.7
vinområder italien,0,10,0%,24.4
bedste julevin,0,10,0%,24.7
vin til fasan,0,10,0%,26.2
lækker hvidvin,0,10,0%,27
tawny portvin,0,10,0%,27.3
tiramisu marsala,0,10,0%,27.9
verdens bedste rødvin,0,10,0%,28.8
alkoholfri portvin,0,10,0%,29.3
bedste rose vin,0,10,0%,29.6
portvin mærker,0,10,0%,31.1
champagne paul bara,0,10,0%,34.9
riesling til sushi,0,10,0%,38.6
pinot grigio,0,10,0%,39.4
orange vin,0,10,0%,41
vin til hummersuppe,0,10,0%,44.4
tilbud på vin,0,10,0%,45.3
vin der smager godt til sushi og fisk,0,10,0%,47.5
flæskesteg med sovs og kartofler,0,10,0%,50.7
hvor meget vin beregner man pr person til fest,0,10,0%,50.7
alte reben,0,10,0%,53.3
buy red wine,0,10,0%,56.5
vinskab,0,10,0%,60.6
ret med medister,0,10,0%,64.6
tilbehør til stegt flæsk med persillesovs,0,10,0%,69.2
køb vin på nettet,0,10,0%,71.4
piemonte vine,0,10,0%,85.5
mimosa opskrift,0,9,0%,2.22
den sidste flaske alte reben,0,9,0%,3.33
bag in box holdbarhed,0,9,0%,6
dh vin,0,9,0%,7.22
koreansk vin,0,9,0%,7.22
lam rose,0,9,0%,7.22
hvor mange kcal er der i en flaske rødvin,0,9,0%,9.22
baskisk vin,0,9,0%,9.44
the guvnor tinto,0,9,0%,9.78
crianza betyder,0,9,0%,10.22
champagne holdbarhed uåbnet,0,9,0%,10.44
ruby portvin holdbarhed,0,9,0%,11.11
champagne til mimosa,0,9,0%,14.67
hvor mange glas i en flaske champagne,0,9,0%,16.22
beer me rabatkode,0,9,0%,18.44
vin til mørbradgryde,0,9,0%,21.11
hvid amarone,0,9,0%,21.33
vinatis bourgogne,0,9,0%,21.67
champagne området i frankrig,0,9,0%,23.33
vin til ost og skinke,0,9,0%,23.44
marokkansk lammegryde,0,9,0%,24.11
pinotage sydafrika,0,9,0%,24.44
viognier vin,0,9,0%,26
portvin til ris a la mande,0,9,0%,26.44
gamay vin,0,9,0%,26.56
mad til bourgogne vin,0,9,0%,27.78
kalorier i hvidvin,0,9,0%,28.44
vin andalusien,0,9,0%,29
græsk marineret svinekød,0,9,0%,30.11
rødvin til lammekød,0,9,0%,33
vin uden alkohol,0,9,0%,35.78
paul bara champagne,0,9,0%,37.67
hvilke vine til bryllup,0,9,0%,39.78
vin til kalvekød,0,9,0%,42.44
vin til stegt fisk,0,9,0%,43.44
danske vine,0,9,0%,43.56
god alkoholfri vin,0,9,0%,46.67
let rødvin,0,9,0%,47.67
hvor meget vin til maden,0,9,0%,48
champagne området,0,9,0%,49
alsace vin til fisk,0,9,0%,50.11
hvad vin drikker man til fisk,0,9,0%,62
hvad betyder semi,0,9,0%,62.56
flæskesteg med rødkål,0,9,0%,63
coq au vin,0,9,0%,65
vin til kreps,0,9,0%,71
riesling område,0,9,0%,71.89
stegt flæsk med persillesauce,0,9,0%,77.11
online vinhandel,0,9,0%,83.56
rødvinsglace,0,8,0%,1.12
vin procent alkohol,0,8,0%,3.75
alkoholfri 0 5 gravid,0,8,0%,4
orangevin temperatur,0,8,0%,5.5
bedste danske vin,0,8,0%,6.62
papvin holder,0,8,0%,8.25
oksekød på tysk,0,8,0%,8.5
8 flasker vin i en flaske,0,8,0%,8.62
billig bobler,0,8,0%,8.62
bedste alkoholfrie bobler,0,8,0%,8.88
portvin kalorier,0,8,0%,9.25
vinpalle,0,8,0%,10.38
the guv'nor hvidvin,0,8,0%,10.75
dr loosen riesling,0,8,0%,11.12
dh wines,0,8,0%,11.5
hvor længe kan en åben hvidvin holde sig,0,8,0%,11.62
chorizo al vino,0,8,0%,12.38
kan vin blive for gammel,0,8,0%,13.12
god rødvin til pizza,0,8,0%,13.5
víno k lasagním,0,8,0%,15.88
vin til røget fisk,0,8,0%,17.75
fars dag vin,0,8,0%,19
vin til pasta carbonara,0,8,0%,19.25
vin til osten,0,8,0%,20.88
vin asparges,0,8,0%,23.5
kalorier vin,0,8,0%,24.75
hvor meget er en genstand,0,8,0%,25.62
vin kalorier,0,8,0%,25.62
tyske vinområder,0,8,0%,26.5
hvidvin marlborough,0,8,0%,28.62
gris pinot grigio,0,8,0%,28.75
temperatur portvin,0,8,0%,29.12
vin til cheesecake,0,8,0%,30
dekantering af vin,0,8,0%,30.5
bedste mad til bourgogne vin,0,8,0%,33
hvad drikker man til konfirmation,0,8,0%,33.12
paul bara,0,8,0%,37.62
hvor længe kan portvin holde sig,0,8,0%,38.38
hvad er prosecco,0,8,0%,40
vin temperatur,0,8,0%,40.25
vindistrikter italien,0,8,0%,40.25
viden om vin,0,8,0%,40.88
rødvin til fisk,0,8,0%,41.5
hvad er rosevin,0,8,0%,42.5
hvor meget vin til bryllup,0,8,0%,42.75
vin til skaldyr,0,8,0%,43.12
vin sushi,0,8,0%,50.25
dekantering,0,8,0%,50.88
vinregioner,0,8,0%,51.5
albarino,0,8,0%,53
vin til julemad,0,8,0%,54.12
vin fra toscana,0,8,0%,57.12
grower champagne,0,8,0%,58.25
bobler til velkomstdrink,0,8,0%,63.62
flæskesteg med brunede kartofler,0,8,0%,66.25
karrysild,0,8,0%,66.62
persillesovs,0,8,0%,67.5
flæskesteg med kartofler,0,8,0%,68.38
dessertvin,0,8,0%,69.5
vin portugal,0,8,0%,70.75
vin til svinekæber,0,8,0%,71.88
malbec,0,8,0%,74.25
chardonnay,0,8,0%,80.62
cinsault,0,8,0%,81
alte reben hvidvin,0,7,0%,3.43
prosecco alkohol procent,0,7,0%,5.71
bobler til mimosa,0,7,0%,6
alkohol procent i vin,0,7,0%,7.86
den sidste vin,0,7,0%,8.14
hvor mange kalorier er der i alkoholfri vin,0,7,0%,8.43
thymiopoulos xinomavro,0,7,0%,9.14
svovldioxid allergi,0,7,0%,9.43
hvad er forskellen på prosecco og cava,0,7,0%,10
appelation,0,7,0%,10.14
hvad drikker man til smørrebrød,0,7,0%,10.43
alkohol fri rose,0,7,0%,11.29
alkoholfri vin gravid,0,7,0%,11.43
kalv på fransk,0,7,0%,11.57
verdens bedste portvin,0,7,0%,11.57
hvor længe kan en åben hvidvin holde sig i køleskabet,0,7,0%,11.71
alkoholfri cava,0,7,0%,14.14
vinflaske størrelser,0,7,0%,17.29
mad til mousserende vin,0,7,0%,18
bedste champagne,0,7,0%,18.57
papvin pris,0,7,0%,18.57
vin til muslinger,0,7,0%,21
sød mousserende rosevin,0,7,0%,21.71
pinotage drue,0,7,0%,23.14
fransk cremant / franske bobler,0,7,0%,24.14
alkoholfri vine,0,7,0%,25.29
hvor mange glas er der i en flaske hvidvin,0,7,0%,26.14
velkomstdrink med mousserende vin,0,7,0%,27.71
dessertvin til risalamande,0,7,0%,28.14
vindistrikter frankrig,0,7,0%,31.71
kold pastasalat,0,7,0%,31.86
vin fra georgien,0,7,0%,32.29
vinskabe,0,7,0%,33.43
premiumbottles,0,7,0%,35
bourgogne druer,0,7,0%,38
lasagne rødvin,0,7,0%,38.29
vin til ravioli,0,7,0%,38.71
bedste vin til flæskesteg,0,7,0%,40
verdejo,0,7,0%,41.43
græsk ret marineret svinekød på grillspyd,0,7,0%,41.86
vin til kammusling,0,7,0%,41.86
rødvin til and,0,7,0%,42.43
tilbud på vine,0,7,0%,43.57
vinkøleskab smalt,0,7,0%,45.14
grüner veltliner,0,7,0%,46
vin fra piemonte,0,7,0%,47.57
garvesyre i rødvin,0,7,0%,47.71
vin til hummerbisque,0,7,0%,54.71
rosevin til sushi,0,7,0%,57.71
hvidvin lokalt,0,7,0%,58.43
vin danmark,0,7,0%,60
vin til pighvar,0,7,0%,60.86
hvilken vin til hummerbisque,0,7,0%,61
vin black friday,0,7,0%,61.14
flæskesteg med persillesovs,0,7,0%,61.86
iltning af vin,0,7,0%,61.86
malbec vin,0,7,0%,62
supertoscaner,0,7,0%,64.57
vin til salt mad,0,7,0%,69.43
lasagne,0,7,0%,79.14
biksemad svinekød,0,7,0%,92.14
frugt læder,0,6,0%,1
sommertapas,0,6,0%,1
tapas forslag,0,6,0%,1
sommerfrokost opskrifter,0,6,0%,2
alkoholfri vin netto,0,6,0%,2.67
ja,0,6,0%,3.83
cava procent alkohol,0,6,0%,5.33
vin til gyros,0,6,0%,5.67
den sidste flaske rose,0,6,0%,6
assyrtiko vin,0,6,0%,6.67
hvor mange genstande er der i en flaske champagne,0,6,0%,6.67
bedste bag in box rose,0,6,0%,6.83
hvad drikker man til tarteletter,0,6,0%,7.17
bedste billige hvidvin,0,6,0%,7.83
hvor mange kalorier er der i en flaske vin,0,6,0%,7.83
hvor mange kcal er der i en flaske hvidvin,0,6,0%,8.17
hvordan laves alkoholfri vin,0,6,0%,8.83
hvor mange glas champagne er der i en flaske,0,6,0%,9.17
rose uden alkohol,0,6,0%,9.17
alkohol i vin,0,6,0%,9.33
estragonsauce med hvidvin,0,6,0%,9.33
indisk vin,0,6,0%,9.33
hvor længe kan prosecco holde sig,0,6,0%,9.5
the guv nor,0,6,0%,9.83
guvnor,0,6,0%,10
spanske kødboller,0,6,0%,10
bigos,0,6,0%,10.5
bedste chardonnay til prisen,0,6,0%,11.67
hvor længe kan åben hvidvin holde sig på køl,0,6,0%,11.67
vin til tiramisu,0,6,0%,11.83
aperol spritz den sidste flaske,0,6,0%,13
kamskjell,0,6,0%,14.5
viognier drue,0,6,0%,16.33
beste rødvin under 200,0,6,0%,16.5
rødvin til tapas,0,6,0%,17.5
vin fra canada,0,6,0%,19.33
vin til risotto med svampe,0,6,0%,22.17
alkoholprosent vin,0,6,0%,24
hvad drikker man til brunch,0,6,0%,24.67
kalorier i glas rødvin,0,6,0%,27.17
vin syrah,0,6,0%,28.33
orange naturvin,0,6,0%,28.67
oliven til tapas,0,6,0%,28.83
vin til ost og charcuteri,0,6,0%,29.67
champagne cava,0,6,0%,30
kalorier i øl og vin,0,6,0%,30
hvad spiser man til champagne,0,6,0%,30.33
shiraz vin,0,6,0%,30.67
andalusien vin,0,6,0%,32.67
frankrig vindistrikter,0,6,0%,32.83
californisk vindistrikt,0,6,0%,34.17
mad med rødvin,0,6,0%,35.33
mousserende vin uden alkohol,0,6,0%,35.5
mousserende vin alkoholfri,0,6,0%,36.5
natur vin,0,6,0%,36.5
vin georgien,0,6,0%,37.17
rødvin til bryllup,0,6,0%,37.67
tilbud vine,0,6,0%,37.83
pocheret torsk,0,6,0%,38
den rigtige vin til maden,0,6,0%,39
hvad er rose vin,0,6,0%,39.17