Mest populære sider,Klik,Eksponeringer,CTR,Placering
https://www.vinbot.dk/guides/bedste-box-vin,181,2054,8.81%,7.38
https://www.vinbot.dk/guides/hvor-laenge-holder-boks-vin,56,2197,2.55%,5.9
https://www.vinbot.dk/guides/bedste-alkoholfri-hvidvin,37,2096,1.77%,12.93
https://www.vinbot.dk/guides/bedste-alkoholfri-vin,28,650,4.31%,9.82
https://www.vinbot.dk/opskrifter/chorizo-i-rodvin,23,173,13.29%,10.71
https://www.vinbot.dk/guides/hvor-laenge-holder-uaabnet-vin,18,1894,0.95%,10.61
https://www.vinbot.dk/guides/bedste-bobler-under-100-kr,18,428,4.21%,8.31
https://www.vinbot.dk/guides/bedste-lavalkohol-vin,18,288,6.25%,5.84
https://www.vinbot.dk/guides/hvor-laenge-kan-vin-lagres,12,870,1.38%,6.25
https://www.vinbot.dk/guides/bedste-dansk-vin,11,389,2.83%,21.08
https://www.vinbot.dk/guides/hvor-mange-enheder-alkohol-i-et-glas-vin,10,3381,0.3%,9.54
https://www.vinbot.dk/guides/hvor-meget-alkohol-i-vin,10,2383,0.42%,7.05
https://www.vinbot.dk/guides/bedste-alkoholfri-rose,10,1300,0.77%,9.71
https://www.vinbot.dk/guides/bobler-til-brunch,10,641,1.56%,7.14
https://www.vinbot.dk/guides/rosevin-til-grill,10,123,8.13%,4.11
https://www.vinbot.dk/guides/hvor-mange-kalorier-i-vin,9,2780,0.32%,10.72
https://www.vinbot.dk/guides/bedste-alkoholfri-rodvin,9,892,1.01%,13.75
https://www.vinbot.dk/guides/bedste-rosevin-under-100-kr,9,407,2.21%,16.84
https://www.vinbot.dk/guides/bedste-alkoholfri-champagne,8,627,1.28%,15.85
https://www.vinbot.dk/guides/bedste-hvidvin-under-75-kr,8,587,1.36%,16.34
https://www.vinbot.dk/den-sidste-flaske/vin/the-guvnor-tinto,8,586,1.37%,8.89
https://www.vinbot.dk/guides/bedste-alkoholfri-bobler,8,470,1.7%,21.99
https://www.vinbot.dk/guides/vin-og-overgangsalder-histamin,8,175,4.57%,9.73
https://www.vinbot.dk/opskrifter/rodvinsmarinade-til-oksekod,8,171,4.68%,8.45
https://www.vinbot.dk/guides/vin-til-tatar-og-carpaccio,7,476,1.47%,8.45
https://www.vinbot.dk/guides/rosevin-til-mad-og-sommer,7,469,1.49%,15.5
https://www.vinbot.dk/guides/bedste-champagne-under-300-kr,7,322,2.17%,10.25
https://www.vinbot.dk/guides/bedste-rodvin-under-200-kr,7,254,2.76%,18.6
https://www.vinbot.dk/guides/bedste-hvidvin,6,1046,0.57%,22.14
https://www.vinbot.dk/opskrifter/sauerbraten-med-rodvin,6,288,2.08%,5
https://www.vinbot.dk/guides/alkoholfri-vin-til-graviditet,6,208,2.88%,6.65
https://www.vinbot.dk/guides/bedste-vin-til-begynder,6,142,4.23%,14.08
https://www.vinbot.dk/guides/hvor-meget-vin-til-fest,5,786,0.64%,11.42
https://www.vinbot.dk/guides/vin-til-smorrebrod,5,402,1.24%,14.05
https://www.vinbot.dk/,5,325,1.54%,63.09
https://www.vinbot.dk/guides/vin-til-stegt-flaesk,5,230,2.17%,15.76
https://www.vinbot.dk/den-sidste-flaske/vin/weinhof-519-alte-reben-rheingau-riesling-trocken,5,147,3.4%,10.2
https://www.vinbot.dk/guides/rodvin-til-pizza,5,146,3.42%,14.41
https://www.vinbot.dk/guides/bedste-rodvin-under-300-kr,5,134,3.73%,13.53
https://www.vinbot.dk/den-sidste-flaske/vin/weinhof-519-alte-reben-rose,5,127,3.94%,8.61
https://www.vinbot.dk/guides/bedste-vin-under-150-kr,5,91,5.49%,5.21
https://www.vinbot.dk/guides/vin-til-moussaka,5,56,8.93%,5.02
https://www.vinbot.dk/opskrifter/ratatouille-med-hvidvin,5,24,20.83%,4.17
https://www.vinbot.dk/guides/hvor-meget-fylder-en-flaske-vin,4,1372,0.29%,7.51
https://www.vinbot.dk/guides/vin-til-laks,4,755,0.53%,20.96
https://vinbot.dk/guides/bedste-alkoholfri-vin,4,275,1.45%,30.74
https://www.vinbot.dk/guides/vin-til-graesk-mad,4,261,1.53%,6.73
https://www.vinbot.dk/guides/bedste-rodvin-under-75-kr,4,228,1.75%,13.18
https://www.vinbot.dk/guides/vin-til-carbonara,4,225,1.78%,8.01
https://www.vinbot.dk/guides/vinregion-piemonte,4,218,1.83%,23.56
https://www.vinbot.dk/guides/bedste-hvidvin-under-200-kr,4,173,2.31%,17.38
https://www.vinbot.dk/guides/vin-til-ceviche,4,122,3.28%,7.15
https://www.vinbot.dk/guides/bedste-vin-under-100-kr,4,115,3.48%,10.38
https://www.vinbot.dk/guides/vin-til-spansk-mad,4,112,3.57%,9.59
https://www.vinbot.dk/guides/vin-til-kebab-og-shawarma,4,84,4.76%,6
https://www.vinbot.dk/opskrifter/kalv-i-hvidvinsauce,4,71,5.63%,7.97
https://www.vinbot.dk/guides/vin-til-marokkansk-mad,4,49,8.16%,12.63
https://www.vinbot.dk/den-sidste-flaske,3,1246,0.24%,8.65
https://www.vinbot.dk/guides/hvor-laenge-holder-aabnet-vin,3,1100,0.27%,15.25
https://www.vinbot.dk/guides/vin-til-suppe,3,513,0.58%,25.67
https://www.vinbot.dk/guides/hvordan-aabner-du-champagne,3,298,1.01%,6.98
https://www.vinbot.dk/guides/vin-til-dessert-og-kransekage,3,258,1.16%,20.12
https://www.vinbot.dk/guides/hvor-meget-vin-til-bryllup,3,255,1.18%,18.12
https://www.vinbot.dk/guides/hovedpine-af-roedvin,3,105,2.86%,10.5
https://www.vinbot.dk/guides/vin-til-gedeost,3,87,3.45%,9.78
https://www.vinbot.dk/guides/bedste-hvidvin-under-150-kr,3,68,4.41%,20.37
https://www.vinbot.dk/opskrifter/kartoffelsalat-med-hvidvin,3,58,5.17%,5.78
https://www.vinbot.dk/guides/opbevaring-af-vin-temperatur-og-aabnet-flaske,2,670,0.3%,18.67
https://www.vinbot.dk/guides/vin-til-svinekoed,2,582,0.34%,19.87
https://www.vinbot.dk/guides/alkoholsvag-og-alkoholfri-vin,2,424,0.47%,28.46
https://www.vinbot.dk/guides/vin-til-kylling-og-lyst-koed,2,419,0.48%,25.68
https://www.vinbot.dk/guides/vin-til-thai-mad,2,318,0.63%,29.26
https://www.vinbot.dk/guides/vin-til-japansk-mad,2,277,0.72%,27.22
https://www.vinbot.dk/guides/vin-til-rejer,2,274,0.73%,12.42
https://www.vinbot.dk/guides/vin-til-lasagne,2,256,0.78%,10.64
https://www.vinbot.dk/guides/vin-til-tacos,2,200,1%,10.5
https://www.vinbot.dk/guides/bedste-champagne-under-500-kr,2,183,1.09%,6.46
https://www.vinbot.dk/guides/bedste-rosevin,2,163,1.23%,7.84
https://vinbot.dk/guides/vin-til-bourgogne-mad,2,131,1.53%,16.41
https://www.vinbot.dk/guides/vin-til-sommer,2,106,1.89%,15.85
https://www.vinbot.dk/guides/hvad-er-syre-i-vin,2,78,2.56%,12.59
https://www.vinbot.dk/guides/vin-til-brunch,2,70,2.86%,5.79
https://www.vinbot.dk/opskrifter/figner-og-dadler-i-rodvin,2,70,2.86%,6.74
https://www.vinbot.dk/guides/bedste-vin-smagekasser,2,64,3.12%,8.38
https://www.vinbot.dk/guides/bedste-rodvin-under-100-kr,2,58,3.45%,16.03
https://www.vinbot.dk/guides/bedste-fransk-rodvin,2,38,5.26%,7.55
https://www.vinbot.dk/opskrifter/burger-med-rodvinsglace,2,29,6.9%,4.17
https://www.vinbot.dk/guides/bedste-cava-under-150-kr,2,29,6.9%,8.28
https://www.vinbot.dk/opskrifter/persillesovs-med-hvidvin,2,14,14.29%,5.36
https://www.vinbot.dk/opskrifter/kartoffelgratin-med-hvidvin,2,11,18.18%,3.91
https://www.vinbot.dk/opskrifter/minestrone-med-rodvin,2,8,25%,6
https://www.vinbot.dk/vine/volarevic-volarevic-plavac-mali-2019-07b2fd86,2,6,33.33%,6
https://www.vinbot.dk/guides/vin-til-boeff,1,889,0.11%,15.83
https://www.vinbot.dk/guides/vin-til-krydret-og-staerk-mad,1,399,0.25%,33.98
https://www.vinbot.dk/guides/hvor-mange-glas-i-en-flaske-vin,1,368,0.27%,12.16
https://www.vinbot.dk/guides/kan-vin-blive-daarlig,1,337,0.3%,8.41
https://www.vinbot.dk/guides/hvor-laenge-holder-rodvin,1,310,0.32%,21.85
https://www.vinbot.dk/guides/hvad-er-tanniner,1,226,0.44%,20.13
https://vinbot.dk/guides/vin-til-vildt,1,225,0.44%,20.94
https://www.vinbot.dk/guides/hvad-er-appellation-og-kvalitetsmaerker,1,222,0.45%,22.05
https://www.vinbot.dk/guides/vin-i-cocktails-spritz-og-drikke,1,198,0.51%,13.6
https://www.vinbot.dk/guides/vin-begreber-i-praksis,1,190,0.53%,21.03
https://www.vinbot.dk/guides/pinot-blanc-druen,1,185,0.54%,19.52
https://www.vinbot.dk/guides/vin-til-pizza,1,180,0.56%,18.94
https://www.vinbot.dk/guides/vin-til-burger,1,157,0.64%,11.06
https://www.vinbot.dk/guides/hvad-er-fadlagring,1,155,0.65%,18.86
https://vinbot.dk/guides/sadan-serverer-du-vin,1,154,0.65%,23.88
https://www.vinbot.dk/guides/vin-til-kalkun,1,144,0.69%,14.94
https://www.vinbot.dk/guides/vinregion-toscana,1,132,0.76%,32.36
https://www.vinbot.dk/guides/vin-til-gaas,1,130,0.77%,10.39
https://www.vinbot.dk/bedste-vine,1,126,0.79%,28.81
https://www.vinbot.dk/guides/alkoholfri-vin-til-brunch,1,122,0.82%,10.36
https://www.vinbot.dk/guides/vin-til-italiensk-mad,1,117,0.85%,15.19
https://www.vinbot.dk/guides/vin-til-tarteletter,1,113,0.88%,8.44
https://www.vinbot.dk/guides/vin-til-georgisk-mad,1,113,0.88%,14.58
https://www.vinbot.dk/guides/vin-til-vietnamesisk-mad,1,108,0.93%,13.22
https://www.vinbot.dk/guides/hurtig-koeling-vin-is-salt-10-minutter,1,106,0.94%,7.09
https://www.vinbot.dk/guides/sauvignon-blanc-til-salat,1,105,0.95%,7.96
https://www.vinbot.dk/guides/hvad-er-forskellen-paa-alkoholfri-og-alkoholsvag-vin,1,98,1.02%,8.11
https://www.vinbot.dk/guides/vinregion-mosel,1,98,1.02%,30.93
https://www.vinbot.dk/opskrifter/rejer-i-hvidvin,1,96,1.04%,13.56
https://www.vinbot.dk/guides/vinregion-frankrig,1,96,1.04%,18.81
https://www.vinbot.dk/guides/vin-til-muslinger,1,94,1.06%,7.05
https://www.vinbot.dk/guides/afkoelt-roedvin,1,90,1.11%,7.42
https://www.vinbot.dk/guides/riesling-til-asiatisk-mad,1,90,1.11%,23.57
https://www.vinbot.dk/rabatkoder,1,88,1.14%,10.68
https://www.vinbot.dk/guides/vin-til-roedgroed,1,87,1.15%,42.15
https://www.vinbot.dk/guides/vin-til-asiatisk-takeaway-dumplings-sushi-ramen,1,71,1.41%,25.79
https://www.vinbot.dk/guides/riesling-druen,1,63,1.59%,45.05
https://www.vinbot.dk/guides/vinregion-loire,1,60,1.67%,8.12
https://www.vinbot.dk/guides/vin-til-sild,1,59,1.69%,5.41
https://www.vinbot.dk/guides/vin-til-koreansk-mad,1,59,1.69%,5.56
https://www.vinbot.dk/johnsen-wine/vin/dr-loosen-riesling-l-2024,1,59,1.69%,10.64
https://www.vinbot.dk/opskrifter/syltede-roedloeg-med-hvidvin,1,58,1.72%,6.07
https://www.vinbot.dk/guides/bedste-pinot-noir,1,54,1.85%,7.91
https://www.vinbot.dk/guides/bedste-dessertvin,1,51,1.96%,31.61
https://www.vinbot.dk/bottles-with-history,1,50,2%,10.74
https://www.vinbot.dk/lauridsen-vine/vin/sartori-den-hvide-amarone,1,50,2%,16.96
https://vinbot.dk/guides/vin-til-mozzarella-og-burrata,1,46,2.17%,11.89
https://www.vinbot.dk/guides/bedste-rosevin-under-150-kr,1,46,2.17%,27.96
https://www.vinbot.dk/guides/vin-til-quiche,1,45,2.22%,8.09
https://www.vinbot.dk/guides/bedste-bobler-under-200-kr,1,44,2.27%,7.61
https://www.vinbot.dk/guides/vin-til-sicilianske-retter,1,44,2.27%,10.66
https://www.vinbot.dk/guides/vin-til-brie-og-camembert,1,44,2.27%,19.34
https://www.vinbot.dk/guides/nebbiolo-druen,1,43,2.33%,16.19
https://www.vinbot.dk/guides/hvordan-fremstilles-alkoholfri-vin,1,42,2.38%,9.83
https://www.vinbot.dk/guides/vin-til-hummer,1,37,2.7%,14.32
https://www.vinbot.dk/opskrifter/pasta-vongole-med-hvidvin,1,34,2.94%,16.91
https://www.vinbot.dk/vine,1,33,3.03%,17.91
https://www.vinbot.dk/guides/bedste-gamay-under-150-kr,1,33,3.03%,25.12
https://www.vinbot.dk/opskrifter/wiener-schnitzel-med-hvidvin,1,32,3.12%,9.59
https://www.vinbot.dk/guides/vin-til-gulasch,1,31,3.23%,7.84
https://www.vinbot.dk/guides/vin-til-wok,1,30,3.33%,14.43
https://www.vinbot.dk/opskrifter/lammetagine-med-rodvin,1,29,3.45%,16.93
https://www.vinbot.dk/opskrifter/roedvinsgele-til-charcuteri,1,28,3.57%,3.75
https://www.vinbot.dk/guides/vinregion-rioja,1,24,4.17%,8.04
https://www.vinbot.dk/opskrifter/svinebryst-braiseret-i-rodvin,1,24,4.17%,23.54
https://www.vinbot.dk/guides/vin-til-bourgogne-mad,1,23,4.35%,7.3
https://www.vinbot.dk/opskrifter/rejesalat-med-hvidvin,1,22,4.55%,3.77
https://www.vinbot.dk/guides/vin-til-falafel-og-hummus,1,22,4.55%,8.36
https://www.vinbot.dk/guides/chardonnay-til-fisk,1,22,4.55%,9.59
https://www.vinbot.dk/opskrifter/roedvinssauce-til-boef,1,19,5.26%,7.21
https://www.vinbot.dk/guides/sadan-vaelger-du-vinglas,1,19,5.26%,12.16
https://www.vinbot.dk/guides/vin-til-vegetar,1,17,5.88%,7.53
https://www.vinbot.dk/opskrifter/aebletaerte-med-calvados-og-hvidvin,1,16,6.25%,6.25
https://www.vinbot.dk/opskrifter/zabaglione-med-hvidvin,1,16,6.25%,6.88
https://www.vinbot.dk/guides/vin-til-nachos,1,13,7.69%,4.46
https://www.vinbot.dk/opskrifter/fondue-med-hvidvin,1,13,7.69%,5.15
https://www.vinbot.dk/guides/saesonvin-i-danmark,1,13,7.69%,9.31
https://www.vinbot.dk/vine/sieur-d-arques-saint-hilaire-blanquette-de-limou-86395aa6,1,12,8.33%,5.08
https://www.vinbot.dk/guides/montepulciano-druen,1,12,8.33%,8.17
https://www.vinbot.dk/opskrifter/asparges-i-hvidvinsauce,1,12,8.33%,23.17
https://www.vinbot.dk/opskrifter/gullaschsuppe-med-rodvin,1,11,9.09%,12.64
https://www.vinbot.dk/guides/bedste-cabernet-sauvignon-under-150-kr,1,9,11.11%,10.67
https://www.vinbot.dk/vine/schloss-gobelsburg-schloss-gobelsburg-ried-renne-82a71d4f,1,8,12.5%,4
https://www.vinbot.dk/vine/volarevic-volarevic-plavac-mali-syrtis-gold-edit-124c16cc,1,8,12.5%,7.25
https://www.vinbot.dk/guides/vin-graensehandel-for-danskere,1,8,12.5%,8.62
https://www.vinbot.dk/vine/sarris-sarris-robola-of-kefalonia-2025-f8652418,1,6,16.67%,3.83
https://vinbot.dk/guides/bedste-vin-til-hverdag,1,6,16.67%,5.67
https://www.vinbot.dk/den-sidste-flaske/vin/august-kesseler-daily-august-pinot-noir-2023,1,5,20%,2.6
https://www.vinbot.dk/guides/vin-til-vegetar-og-gront,1,5,20%,3.2
https://www.vinbot.dk/guides/vin-til-koldskaal,1,5,20%,4.2
https://www.vinbot.dk/vine/the-mascot-the-mascot-2020-584f91ee,1,5,20%,5.4
https://www.vinbot.dk/guides/carmenere-druen,1,5,20%,7
https://www.vinbot.dk/vine/jaffelin-jaffelin-rully-blanc-2023-f2f6de34,1,5,20%,8
https://www.vinbot.dk/vine/weingut-proidl-riesling-ried-pfeningberg-ried-eh-8043c58d,1,4,25%,2.5
https://www.vinbot.dk/guides/hvad-er-korksmag-og-tca,1,4,25%,4.75
https://www.vinbot.dk/vine/chateau-purcari-moldavian-chateau-purcari-moldav-c42747ef,1,4,25%,6.75
https://www.vinbot.dk/vine/heitz-cellar-heitz-napa-valley-cabernet-sauvigno-5fc418b4,1,4,25%,7
https://www.vinbot.dk/vine/champagne-jm-gobillard-et-fils-champagne-jm-gobi-038d1d8f,1,3,33.33%,2
https://www.vinbot.dk/vine/sieur-d-arques-grande-cuvee-1531-cremant-de-limo-7f81ed52,1,3,33.33%,2
https://www.vinbot.dk/vine/mclaren-vale-paxton-paxton-ej-old-vines-single-v-8420d09f,1,3,33.33%,2.33
https://www.vinbot.dk/vine/ilatium-morini-ilatium-morini-campo-dei-ciliegi-b218b00a,1,3,33.33%,4
https://www.vinbot.dk/vine/catherine-marshall-catherine-marshall-sauvignon-2c2da16e,1,3,33.33%,5.67
https://www.vinbot.dk/opskrifter/laks-i-hvidvin,1,2,50%,1.5
https://www.vinbot.dk/vine/pol-roger-rose-vintage-pol-roger-rose-vintage-20-9d2f61c8,1,2,50%,4
https://www.vinbot.dk/vine/barlife-dk-deinhard-sekt-riesling-trocken-nv-0-7-f5cb687b,1,2,50%,4.5
https://www.vinbot.dk/vine/ferdinand-s-saar-gold-cap-gin-i-bur-49-50-cl-0ca8d6a8,1,2,50%,5
https://www.vinbot.dk/vine/christianelund-vingard-solaris-vest-christianelu-e2655397,1,2,50%,5.5
https://www.vinbot.dk/vine/movia-movia-sivi-grigio-ambra-2023-c871a867,1,2,50%,7.5
https://www.vinbot.dk/vine/laphroaig-laphroaig-10-yo-sherry-cask-finish-en-17b86aa4,1,2,50%,8
https://www.vinbot.dk/vine/chateau-batailley-chateau-batailley-pauillac-5-c-6dda8c9d,1,2,50%,10
https://www.vinbot.dk/vine/clai-clai-ottocento-bijeli-2022-391d8d59,1,2,50%,10.5
https://www.vinbot.dk/vine/parusso-parusso-langhe-nebbiolo-el-sartu-2022-f220c8d5,1,2,50%,11
https://www.vinbot.dk/vine/capannelle-capannelle-chardonnay-2023-14083909,1,1,100%,5
https://www.vinbot.dk/vine/chateau-poujeaux-moulis-chateau-poujeaux-moulis-05bd88d7,1,1,100%,5
https://www.vinbot.dk/vine/bouchard-finlayson-laibach-ladybird-chenin-blanc-cf119217,1,1,100%,6
https://www.vinbot.dk/vine/vina-vik-vina-vik-milla-cala-2021-558f8dc3,1,1,100%,6
https://www.vinbot.dk/vine/cerettoi-ceretto-nebbiolo-d-alba-2021-bernardina-bcd6b224,1,1,100%,7
https://www.vinbot.dk/vine/amarone-premium-tasting-case-0205b5f6,1,1,100%,8
https://www.vinbot.dk/vine/cantine-paradiso-cantine-paradiso-nonno-angelo-2-40047612,1,1,100%,9
https://www.vinbot.dk/vine/edmond-de-rothschild-edmond-de-rothschild-flecha-54bea9ea,1,1,100%,9
https://www.vinbot.dk/guides/vin-til-ost-og-ostebord,0,947,0%,22.6
https://www.vinbot.dk/guides/hvor-laenge-holder-hvidvin,0,575,0%,13.81
https://www.vinbot.dk/guides/bobler-champagne-cava-prosecco-og-cremant,0,548,0%,24.88
https://www.vinbot.dk/fest-og-vin,0,468,0%,25.17
https://www.vinbot.dk/guides/vin-til-flaesketesteg,0,460,0%,25.59
https://www.vinbot.dk/guides/syrah-druen,0,416,0%,19.43
https://www.vinbot.dk/guides/vin-til-indisk-mad,0,390,0%,25.56
https://www.vinbot.dk/guides/vin-til-sushi,0,304,0%,28.75
https://www.vinbot.dk/guides/vin-til-lam,0,293,0%,40.45
https://www.vinbot.dk/guides/bedste-portvin,0,288,0%,24.31
https://www.vinbot.dk/guides/vin-til-grill-og-bbq,0,279,0%,17.72
https://www.vinbot.dk/guides/grenache-druen,0,254,0%,25.63
https://www.vinbot.dk/guides/vin-til-torsk,0,244,0%,49.16
https://www.vinbot.dk/guides/vin-til-alsace-mad,0,238,0%,12.97
https://www.vinbot.dk/guides/sangiovese-druen,0,234,0%,23.89
https://www.vinbot.dk/opskrifter/stegt-flaesk-med-persillesovs,0,233,0%,67.03
https://www.vinbot.dk/guides/vin-til-risotto,0,226,0%,12.49
https://www.vinbot.dk/guides/hvad-er-pet-nat,0,225,0%,10.91
https://www.vinbot.dk/guides/merlot-druen,0,205,0%,31.66
https://www.vinbot.dk/guides/champagne-til-mad,0,204,0%,25.23
https://www.vinbot.dk/vinkoleskabe,0,196,0%,44.53
https://www.vinbot.dk/guides/hvidvin-til-sushi,0,188,0%,35.71
https://www.vinbot.dk/mad-og-vin,0,175,0%,51.58
https://www.vinbot.dk/guides/bedste-rodvin,0,171,0%,46.23
https://vinbot.dk/guides/hvad-er-sulfit-i-vin,0,156,0%,11.47
https://www.vinbot.dk/tilbud,0,144,0%,43.03
https://www.vinbot.dk/guides/vin-til-nytaar-og-nytaarsmenu,0,132,0%,26.02
https://www.vinbot.dk/opskrifter/flaesketesteg,0,132,0%,43.64
https://www.vinbot.dk/guides/vinregion-portugal,0,131,0%,15.71
https://www.vinbot.dk/guides,0,131,0%,42.55
https://www.vinbot.dk/opskrifter,0,131,0%,44.78
https://www.vinbot.dk/guides/sauvignon-blanc-fra-marlborough,0,128,0%,32.21
https://www.vinbot.dk/guides/bedste-sommervin,0,127,0%,19.28
https://www.vinbot.dk/guides/vin-til-studenterfest,0,123,0%,9.37
https://www.vinbot.dk/guides/vin-til-andalusisk-mad,0,122,0%,13.32
https://www.vinbot.dk/guides/vin-til-hard-ost,0,116,0%,23.39
https://www.vinbot.dk/guides/vin-til-oksekoed,0,112,0%,21.83
https://www.vinbot.dk/guides/naturvin-hvad-er-det,0,107,0%,25.65
https://www.vinbot.dk/guides/vin-marketing-tricks-forbruger-guide,0,103,0%,9.23
https://www.vinbot.dk/guides/bedste-rosevin-under-200-kr,0,100,0%,55.64
https://www.vinbot.dk/guides/sadan-serverer-du-vin,0,99,0%,33.96
https://www.vinbot.dk/guides/etna-vin-vulkanvin-sicilien,0,98,0%,15.61
https://www.vinbot.dk/guides/vinregion-tyskland,0,98,0%,23.2
https://www.vinbot.dk/opskrifter/spansk-koedboller-i-rodvinsauce,0,91,0%,32.3
https://www.vinbot.dk/guides/sadan-dekanterer-du-vin,0,88,0%,24.14
https://www.vinbot.dk/guides/vin-til-julemad-den-store-guide,0,88,0%,43.42
https://www.vinbot.dk/opskrifter/tiramisu-med-marsala-og-hvidvin,0,87,0%,17.11
https://www.vinbot.dk/guides/vin-til-frikadeller,0,84,0%,4.15
https://www.vinbot.dk/guides/hvad-er-malolaktisk-gaering,0,80,0%,6.49
https://www.vinbot.dk/guides/pinot-gris-druen,0,79,0%,21.97
https://www.vinbot.dk/guides/vin-til-sommerbryllup,0,77,0%,36.97
https://www.vinbot.dk/guides/bedste-champagne-til-nytaar,0,76,0%,22.97
https://www.vinbot.dk/opskrifter/carpaccio-med-hvidvindressing,0,74,0%,17.22
https://www.vinbot.dk/guides/vin-til-catalansk-mad,0,74,0%,43.24
https://www.vinbot.dk/guides/vinregion-bourgogne,0,72,0%,22.4
https://www.vinbot.dk/guides/chenin-blanc-druen,0,72,0%,31.5
https://www.vinbot.dk/johnsen-wine,0,67,0%,6.13
https://www.vinbot.dk/guides/vinregion-rhone,0,66,0%,17.2
https://www.vinbot.dk/guides/viognier-druen,0,65,0%,17.57
https://www.vinbot.dk/guides/vin-til-krebse,0,63,0%,26.19
https://www.vinbot.dk/guides/vinregion-alsace,0,63,0%,46.4
https://www.vinbot.dk/guides/vin-til-and,0,62,0%,40.29
https://www.vinbot.dk/opskrifter/marokkansk-kylling-tagine-med-hvidvin,0,60,0%,26.13
https://www.vinbot.dk/opskrifter/andebaer-portvin-sauce,0,59,0%,14.56
https://www.vinbot.dk/guides/hverdags-bobler,0,59,0%,44.97
https://www.vinbot.dk/guides/vin-til-baskisk-mad,0,56,0%,8.27
https://www.vinbot.dk/guides/albarino-fra-rias-baixas,0,55,0%,24.13
https://www.vinbot.dk/guides/alkoholfri-vin-til-fest,0,55,0%,25.45
https://www.vinbot.dk/guides/vinregion-champagne,0,55,0%,36.89
https://www.vinbot.dk/guides/vin-til-karryretter,0,51,0%,34.04
https://www.vinbot.dk/opskrifter/klassisk-lasagne,0,51,0%,34.75
https://www.vinbot.dk/guides/alkoholfri-vin-til-jul,0,51,0%,51.76
https://www.vinbot.dk/sps-wine,0,50,0%,9.02
https://www.vinbot.dk/guides/hvad-er-sulfit-i-vin,0,50,0%,10.74
https://www.vinbot.dk/guides/vinregion-veneto,0,50,0%,21.4
https://www.vinbot.dk/opskrifter/torsk-i-hvidvin,0,50,0%,23.28
https://www.vinbot.dk/guides/vin-til-toscansk-mad,0,49,0%,10.18
https://www.vinbot.dk/guides/vinregion-usa,0,49,0%,31.8
https://www.vinbot.dk/guides/vin-til-kinesisk-mad,0,48,0%,17
https://www.vinbot.dk/guides/vin-til-konfirmation,0,48,0%,28.9
https://www.vinbot.dk/vin-viden,0,48,0%,36.02
https://www.vinbot.dk/barlife,0,48,0%,76.23
https://www.vinbot.dk/guides/vin-til-piemonte-mad,0,47,0%,9.68
https://www.vinbot.dk/guides/vin-til-fisk-og-skaldyr,0,47,0%,23.87
https://www.vinbot.dk/guides/vin-til-asparges,0,47,0%,35.66
https://www.vinbot.dk/opskrifter/kylling-piccata-med-hvidvin,0,46,0%,7.52
https://www.vinbot.dk/opskrifter/krebsesuppe-med-hvidvin,0,46,0%,8.87
https://www.vinbot.dk/guides/verdejo-druen,0,45,0%,21.91
https://www.vinbot.dk/opskrifter/souvlaki-med-hvidvin,0,44,0%,29.98
https://www.vinbot.dk/opskrifter/medister-med-kartofler,0,44,0%,62.14
https://www.vinbot.dk/opskrifter/vol-au-vent-med-hvidvin,0,43,0%,19.3
https://www.vinbot.dk/guides/portvin-til-ost,0,43,0%,27.4
https://www.vinbot.dk/guides/hvad-er-orange-vin,0,43,0%,31.19
https://www.vinbot.dk/guides/muscadet-druen,0,42,0%,7.95
https://www.vinbot.dk/guides/komplet-guide-til-vin-og-mad,0,42,0%,35.79
https://www.vinbot.dk/guides/vin-til-mozzarella-og-burrata,0,40,0%,9.9
https://www.vinbot.dk/opskrifter/gazpacho-med-hvidvin,0,39,0%,7.21
https://www.vinbot.dk/guides/vinregion-napa-valley,0,39,0%,23.51
https://www.vinbot.dk/guides/vin-til-kartoffelmad,0,38,0%,4.53
https://www.vinbot.dk/guides/vin-til-feta,0,38,0%,9.13
https://www.vinbot.dk/opskrifter/helleflynder-med-hvidvin,0,38,0%,9.68
https://www.vinbot.dk/opskrifter/panna-cotta-med-hvidvin,0,38,0%,10.74
https://www.vinbot.dk/guides/hvilken-vin-til-madlavning-sovs,0,37,0%,19.54
https://www.vinbot.dk/guides/orangevin-for-begyndere,0,37,0%,23.08
https://www.vinbot.dk/guides/tawny-portvin,0,36,0%,25.89
https://www.vinbot.dk/opskrifter/risalamande,0,36,0%,29.61
https://www.vinbot.dk/guides/vinregion-bordeaux,0,35,0%,13.03
https://www.vinbot.dk/guides/gamay-druen,0,35,0%,13.94
https://www.vinbot.dk/regioner,0,35,0%,28.46
https://www.vinbot.dk/guides/malbec-druen,0,35,0%,51.17
https://www.vinbot.dk/guides/vin-til-parmesan,0,34,0%,7.62
https://www.vinbot.dk/dh-wines,0,34,0%,9.53
https://www.vinbot.dk/opskrifter/boeftatar-med-hvidvin,0,34,0%,15.21
https://www.vinbot.dk/den-sidste-flaske/vin/primitivo-susumaniello-salento-boccantino,0,34,0%,27.65
https://www.vinbot.dk/guides/vin-til-butter-chicken,0,33,0%,12.85
https://www.vinbot.dk/opskrifter/grillet-kylling-med-hvidvin,0,33,0%,31.3
https://www.vinbot.dk/guides/hvad-er-sherry-vin,0,32,0%,7.38
https://www.vinbot.dk/winther-vin,0,32,0%,9.69
https://www.vinbot.dk/opskrifter/pulled-pork-med-rodvin,0,32,0%,19.62
https://www.vinbot.dk/opskrifter/grillet-halloumi,0,32,0%,20.16
https://www.vinbot.dk/guides/vinregion-italien,0,32,0%,24.25
https://www.vinbot.dk/opskrifter/oesters-gratineret-med-hvidvin,0,32,0%,28.09
https://www.vinbot.dk/guides/vin-til-gryderet,0,31,0%,9.61
https://www.vinbot.dk/opskrifter/bolognese-med-rodvin,0,31,0%,23.68
https://www.vinbot.dk/opskrifter/coq-au-vin,0,31,0%,53.35
https://www.vinbot.dk/guides/bedste-spansk-rodvin,0,30,0%,29.43
https://www.vinbot.dk/opskrifter/canard-a-l-orange-med-rodvin,0,29,0%,17.76
https://www.vinbot.dk/guides/assyrtiko-druen,0,28,0%,7.04
https://www.vinbot.dk/guides/vin-til-blaaskimmelost,0,28,0%,8.36
https://www.vinbot.dk/guides/vin-til-provencalsk-mad,0,28,0%,9.93
https://www.vinbot.dk/opskrifter/kamskjell-med-hvidvin,0,28,0%,25.64
https://www.vinbot.dk/vine/champagne-paul-bara-champagne-paul-bara-grand-cr-a773be12,0,28,0%,35.64
https://www.vinbot.dk/guides/bedste-italiensk-rodvin,0,27,0%,14.63
https://www.vinbot.dk/opskrifter/grillet-halloumi-med-hvidvin,0,27,0%,21.96
https://www.vinbot.dk/guides/gruener-veltliner-druen,0,27,0%,29.56
https://www.vinbot.dk/opskrifter/bigos-med-rodvin,0,26,0%,7.46
https://www.vinbot.dk/vine/vinfestival-hos-vinfestival-hos-havnens-vin-toba-653f66a9,0,26,0%,7.54
https://www.vinbot.dk/guides/vin-til-fisk-og-chips,0,26,0%,13.58
https://www.vinbot.dk/opskrifter/bearnaisesauce-med-hvidvin,0,26,0%,14.31
https://www.vinbot.dk/lande/canada,0,26,0%,21.42
https://www.vinbot.dk/opskrifter/butter-chicken-med-hvidvin,0,25,0%,7.72
https://www.vinbot.dk/opskrifter/ribeye,0,25,0%,22.56
https://www.vinbot.dk/opskrifter/gaesesteg,0,25,0%,36.56
https://www.vinbot.dk/opskrifter/gravad-laks-med-hvidvin,0,25,0%,52.16
https://www.vinbot.dk/opskrifter/tomatsauce-med-rodvin-til-pizza,0,24,0%,6.29
https://www.vinbot.dk/guides/bedste-vin-til-gave,0,24,0%,6.54
https://www.vinbot.dk/guides/vinregion-jura,0,24,0%,7.54
https://www.vinbot.dk/guides/vin-til-chokolademousse,0,24,0%,12
https://www.vinbot.dk/guides/pinotage-druen,0,24,0%,19.5
https://www.vinbot.dk/guides/bedste-gamay-under-100-kr,0,24,0%,28
https://www.vinbot.dk/guides/vin-til-blaeksprutte,0,23,0%,3.87
https://www.vinbot.dk/guides/bobler-til-takeaway-og-fastfood,0,23,0%,11.52
https://www.vinbot.dk/lande/uruguay,0,23,0%,14
https://www.vinbot.dk/lande/georgien,0,23,0%,37.17
https://www.vinbot.dk/opskrifter/grillet-laks,0,23,0%,60
https://www.vinbot.dk/opskrifter/aioli-med-hvidvin,0,22,0%,14.14
https://www.vinbot.dk/guides/prosecco-glera-druen,0,22,0%,16.5
https://www.vinbot.dk/guides/chardonnay-druen,0,22,0%,63.68
https://www.vinbot.dk/opskrifter/moussaka-med-rodvin,0,21,0%,6.19
https://www.vinbot.dk/guides/ruby-portvin,0,21,0%,22.48
https://www.vinbot.dk/guides/vin-til-vildt,0,21,0%,23.05
https://www.vinbot.dk/opskrifter/ragu-med-rodvin,0,21,0%,25.1
https://www.vinbot.dk/opskrifter/blanquette-de-veau-med-hvidvin,0,20,0%,6.7
https://www.vinbot.dk/guides/cabernet-franc-druen,0,20,0%,26.4
https://www.vinbot.dk/opskrifter/fish-and-chips,0,20,0%,37.25
https://www.vinbot.dk/guides/hvor-laenge-holder-vin-i-karaffel,0,19,0%,5.42
https://www.vinbot.dk/opskrifter/chimichurri-med-rodvin,0,19,0%,7.32
https://www.vinbot.dk/opskrifter/risotto-med-hvidvin,0,19,0%,8.32
https://www.vinbot.dk/opskrifter/morbradgryde-med-hvidvin,0,19,0%,9.32
https://www.vinbot.dk/opskrifter/pasta-amatriciana-med-rodvin,0,19,0%,17.58
https://www.vinbot.dk/opskrifter/andesteg-med-port-og-hvidvin,0,19,0%,19.16
https://www.vinbot.dk/opskrifter/ossobuco,0,19,0%,28.63
https://www.vinbot.dk/guides/barbera-druen,0,19,0%,29.26
https://www.vinbot.dk/guides/vin-til-norsk-mad,0,19,0%,41.05
https://www.vinbot.dk/guides/vin-til-nytarsaften,0,19,0%,43.79
https://www.vinbot.dk/vine/grower-champagne-grower-champagne-premium-tastin-2ff3e51e,0,19,0%,49.68
https://www.vinbot.dk/guides/bedste-chardonnay-under-150-kr,0,18,0%,11.83
https://www.vinbot.dk/guides/vin-til-fars-dag,0,18,0%,12.17
https://www.vinbot.dk/opskrifter/marinerede-oliven-med-hvidvin,0,18,0%,12.56
https://www.vinbot.dk/guides/vinregion-ribera-del-duero,0,18,0%,15.61
https://www.vinbot.dk/guides/vin-til-portugisisk-mad,0,17,0%,5.65
https://www.vinbot.dk/guides/chardonnay-fra-chablis,0,17,0%,6.59
https://www.vinbot.dk/guides/vin-til-chili-con-carne,0,17,0%,6.94
https://www.vinbot.dk/opskrifter/andesteg,0,17,0%,21.47
https://www.vinbot.dk/opskrifter/gyros-tallerken,0,17,0%,34.88
https://www.vinbot.dk/opskrifter/aeblekage-hvidvin-karamel,0,16,0%,7.12
https://www.vinbot.dk/opskrifter/feijoada-med-rodvin,0,16,0%,10.94
https://www.vinbot.dk/opskrifter/cassoulet-med-rodvin,0,16,0%,12.94
https://www.vinbot.dk/vinea,0,16,0%,66.75
https://www.vinbot.dk/guides/vin-til-medister,0,15,0%,4.4
https://www.vinbot.dk/guides/vin-til-couscous,0,15,0%,5.47
https://www.vinbot.dk/guides/vin-til-ramen,0,15,0%,6.47
https://www.vinbot.dk/guides/tempranillo-druen,0,15,0%,6.73
https://www.vinbot.dk/guides/malbec-til-boef,0,15,0%,8.33
https://www.vinbot.dk/vinpalle,0,15,0%,9.33
https://vinbot.dk/guides/hvad-er-terroir,0,15,0%,9.4
https://www.vinbot.dk/opskrifter/biksemad-med-rodvin,0,15,0%,56.07
https://vinbot.dk/guides/vin-til-kinesisk-mad,0,14,0%,5.5
https://www.vinbot.dk/opskrifter/caldeirada-med-hvidvin,0,14,0%,5.93
https://www.vinbot.dk/whiskystack,0,14,0%,8.29
https://www.vinbot.dk/opskrifter/klassisk-burger,0,14,0%,10.07
https://www.vinbot.dk/vine/seghesio-family-vineyards-sonoma-chardonnay-segh-eaecfc47,0,14,0%,12.36
https://www.vinbot.dk/opskrifter/boef-stroganoff-med-hvidvin,0,14,0%,17.93
https://www.vinbot.dk/guides/vin-til-cheddar,0,14,0%,19.79
https://www.vinbot.dk/opskrifter/kold-pastasalat-med-hvidvin,0,14,0%,23.93
https://www.vinbot.dk/opskrifter/pizza-margherita,0,14,0%,36.79
https://www.vinbot.dk/den-sidste-flaske/vin/corte-antica-barbera-dasti,0,13,0%,6.54
https://vinbot.dk/guides/vin-til-burger,0,13,0%,7.15
https://www.vinbot.dk/guides/sangiovese-til-pasta,0,13,0%,10.08
https://www.vinbot.dk/vine/brunelli-brunelli-amarone-campo-dei-titari-riser-6edd20f8,0,13,0%,21.08
https://www.vinbot.dk/opskrifter/blamuslinger,0,13,0%,24.31
https://www.vinbot.dk/opskrifter/karrysild,0,13,0%,61.38
https://www.vinbot.dk/guides/bedste-bobler-under-150-kr,0,12,0%,5.5
https://www.vinbot.dk/vine/el-enemigo-el-enemigo-chardonnay-2023-21d9ee5e,0,12,0%,8.5
https://www.vinbot.dk/opskrifter/falafel-tallerken-med-hvidvin,0,12,0%,12.58
https://www.vinbot.dk/opskrifter/oksefilet-med-groentsager,0,12,0%,13.83
https://www.vinbot.dk/guides/bedste-julevin,0,12,0%,26.5
https://www.vinbot.dk/guides/portvin-til-chokolade,0,12,0%,27.67
https://www.vinbot.dk/guides/pinot-noir-til-and,0,12,0%,30.58
https://www.vinbot.dk/druesorter,0,12,0%,36.75
https://www.vinbot.dk/d-wine,0,12,0%,37.25
https://www.vinbot.dk/opskrifter/romesco-med-rodvin,0,12,0%,39.92
https://www.vinbot.dk/opskrifter/graesk-salat,0,12,0%,57.42
https://www.vinbot.dk/guides/vin-til-venetiansk-mad,0,11,0%,6.09
https://www.vinbot.dk/guides/koeb-vin-online-sadan-holder-du-styr-paa-det,0,11,0%,7
https://www.vinbot.dk/guides/dolcetto-druen,0,11,0%,7.91
https://www.vinbot.dk/guides/gavevin-sadan-vaelger-du-den-rigtige-flaske,0,11,0%,9.73
https://www.vinbot.dk/guides/bedste-pinot-noir-under-250-kr,0,11,0%,10
https://www.vinbot.dk/guides/hvad-er-terroir,0,11,0%,15.36
https://www.vinbot.dk/opskrifter/chokolademousse-med-portvin,0,11,0%,18.82
https://www.vinbot.dk/opskrifter/ceviche,0,11,0%,38
https://www.vinbot.dk/opskrifter/pad-thai,0,11,0%,47.82
https://www.vinbot.dk/guides/vin-til-grillet-fisk,0,10,0%,5.1
https://www.vinbot.dk/lauridsen-vine,0,10,0%,5.2
https://www.vinbot.dk/vine/clos-cibonne-clos-cibonne-cotes-de-provence-cru-3252ad7c,0,10,0%,5.3
https://www.vinbot.dk/guides/pinot-grigio-fra-alto-adige,0,10,0%,7.8
https://www.vinbot.dk/vine/matusko-matusko-dingac-royal-2015-26a1d655,0,10,0%,8.4
https://www.vinbot.dk/guides/mindful-drikke-low-no-alkohol,0,10,0%,8.7
https://www.vinbot.dk/vine/michel-gonet-champagne-michel-gonet-rose-7127aeee,0,10,0%,10.2
https://www.vinbot.dk/opskrifter/caponata-med-rodvin,0,10,0%,12.2
https://www.vinbot.dk/opskrifter/ovnstegt-laks-med-citron,0,10,0%,49.1
https://www.vinbot.dk/opskrifter/salade-nicoise,0,10,0%,54.5
https://www.vinbot.dk/guides/vivino-app-til-vin-anmeldelser,0,9,0%,6
https://www.vinbot.dk/vine/mendel-mendel-lunta-malbec-2021-2b15472f,0,9,0%,7.89
https://www.vinbot.dk/lande/schweiz,0,9,0%,8.44
https://www.vinbot.dk/vine/san-marzano-san-marzano-60-sessantanni-limited-e-6b0fef11,0,9,0%,8.67
https://www.vinbot.dk/guides/vinregion-chile-argentina,0,9,0%,8.78
https://www.vinbot.dk/guides/vin-til-raclette,0,9,0%,10.89
https://www.vinbot.dk/opskrifter/butter-chicken,0,9,0%,12.11
https://www.vinbot.dk/opskrifter/gaesesteg-med-rodvin,0,9,0%,19.89
https://www.vinbot.dk/opskrifter/chili-con-carne-med-rodvin,0,9,0%,20.22
https://www.vinbot.dk/guides/vin-til-klassisk-fransk-mad,0,9,0%,22.22
https://www.vinbot.dk/guides/barbera-fra-asti,0,8,0%,4.12
https://www.vinbot.dk/guides/bedste-vaertindegave-vin,0,8,0%,5.75
https://www.vinbot.dk/opskrifter/creme-brulee-med-hvidvin,0,8,0%,6
https://vinbot.dk/guides/bobler-til-fredag,0,8,0%,6.25
https://vinbot.dk/guides/bedste-rosevin-under-150-kr,0,8,0%,6.38
https://vinbot.dk/guides/vin-til-haveselskab,0,8,0%,6.75
https://www.vinbot.dk/vine/renato-ratti-renato-ratti-langhe-nebbiolo-ochett-eaede6d5,0,8,0%,7.12
https://www.vinbot.dk/vine/piper-heidsieck-piper-heidsieck-champagne-brut-m-20fe763e,0,8,0%,9.12
https://www.vinbot.dk/johnsen-wine/vin/rio-cassero-brunello-montalcino-2020,0,8,0%,10.12
https://www.vinbot.dk/opskrifter/spaghetti-carbonara,0,8,0%,12.75
https://www.vinbot.dk/vine/marchesi-di-barolo-barolo-1974-marchesi-di-barol-17257cbe,0,7,0%,4
https://www.vinbot.dk/guides/vin-til-tapas,0,7,0%,4.86
https://www.vinbot.dk/vine/christianelund-vingard-gold-sparkling-brut-2020-16eabfb9,0,7,0%,5.14
https://www.vinbot.dk/guides/vin-swap-underdog-regioner,0,7,0%,6.71
https://www.vinbot.dk/opskrifter/kalkunsteg,0,7,0%,9.43
https://www.vinbot.dk/vine/chateau-montrose-2-chateau-montrose-2-cru-classe-e29a526f,0,7,0%,9.71
https://www.vinbot.dk/opskrifter/risotto-med-rodvin-barolo,0,7,0%,13.14
https://www.vinbot.dk/opskrifter/kartoffelsalat,0,7,0%,14.14
https://www.vinbot.dk/guides/vin-til-mellemoestlig-mad,0,6,0%,4.17
https://vinbot.dk/guides/hvor-laenge-holder-vin-i-karaffel,0,6,0%,4.83
https://www.vinbot.dk/opskrifter/sommerfrugt-i-hvidvin,0,6,0%,5.17
https://www.vinbot.dk/vine/boutari-boutari-santorini-assyrtiko-2022-35a76ca0,0,6,0%,5.5
https://www.vinbot.dk/vine/domaine-jean-marc-hugues-pavelot-domaine-jean-ma-997cd63e,0,6,0%,6
https://www.vinbot.dk/vine/kozlovic-kozlovic-santa-lucia-malvazija-2018-3c5405e2,0,6,0%,6.17
https://www.vinbot.dk/opskrifter/gullasch-med-rodvin,0,6,0%,6.33
https://www.vinbot.dk/vine/weingut-geils-weingut-im-zwolberich-2022-gewurtz-12a2a4a7,0,6,0%,6.33
https://www.vinbot.dk/vine/vigna-madre-nobu-1830-pecorino-2023-bc26cbe8,0,6,0%,6.5
https://www.vinbot.dk/vine/dominio-del-aguila-dominio-del-aguila-picaro-vin-9399230b,0,6,0%,6.67
https://www.vinbot.dk/vine/francois-carillon-francois-carillon-puligny-mont-28e15ad9,0,6,0%,7.33
https://www.vinbot.dk/vine/la-crema-la-crema-monterey-chardonnay-2023-098e0758,0,6,0%,8
https://www.vinbot.dk/vine/torbreck-torbreck-the-steading-2021-faa84ea5,0,6,0%,8
https://www.vinbot.dk/opskrifter/vindaloo-med-hvidvin,0,6,0%,8.17
https://www.vinbot.dk/opskrifter/falafel-tallerken,0,6,0%,8.33
https://www.vinbot.dk/vine/tinta-roriz-tinta-barroca-touriga-nacional-touri-95032c4a,0,6,0%,8.83
https://www.vinbot.dk/vine/riesling-2024-riesling-l-dr-loosen-515ff401,0,6,0%,9
https://www.vinbot.dk/guides/vin-til-frokost,0,6,0%,9.17
https://www.vinbot.dk/guides/vinregion-australien-new-zealand,0,6,0%,9.33
https://www.vinbot.dk/vine/daou-daou-cabernet-sauvignon-2022-604a47d1,0,6,0%,9.67
https://www.vinbot.dk/vine/champagne-billecart-salmon-champagne-billecart-s-773d1123,0,6,0%,10.17
https://www.vinbot.dk/vine/perse-perse-inseparable-2022-d73a12fb,0,6,0%,11.5
https://www.vinbot.dk/vine/vina-vik-vina-vik-a-cabernet-franc-2022-0b5a6da6,0,6,0%,11.67
https://www.vinbot.dk/vine/querciabella-querciabella-chianti-classico-riser-e3374fe2,0,6,0%,12
https://www.vinbot.dk/opskrifter/andeconfit-med-rodvin,0,6,0%,16.67
https://www.vinbot.dk/saeson,0,6,0%,18.5
https://www.vinbot.dk/winesommelier,0,6,0%,18.67
https://www.vinbot.dk/opskrifter/panzanella,0,6,0%,37.17
https://www.vinbot.dk/opskrifter/gazpacho,0,6,0%,45.17
https://www.vinbot.dk/opskrifter/marinerede-sild,0,6,0%,46.5
https://www.vinbot.dk/opskrifter/tacos-med-oksekoed,0,6,0%,64.17
https://www.vinbot.dk/pages/druer/malbec.html,0,5,0%,4
https://www.vinbot.dk/guides/alkoholfri-vin-til-dry-january,0,5,0%,4.2
https://www.vinbot.dk/vine/jean-michel-guillon-fils-jean-michel-guillon-fil-5c758d8f,0,5,0%,6
https://www.vinbot.dk/vine/coquard-loison-fleurot-bourgogne-coquard-loison-8c207ec2,0,5,0%,6.2
https://www.vinbot.dk/vine/nervi-conterno-nervi-conterno-gattinara-vigna-mo-77fbd61f,0,5,0%,7.2
https://www.vinbot.dk/opskrifter/fisk-i-hvidvinsauce,0,5,0%,8.4
https://www.vinbot.dk/vine/azelia-azelia-barolo-2021-5632db62,0,5,0%,9
https://www.vinbot.dk/vine/castello-di-verduno-castello-di-verduno-barbares-47d8db52,0,5,0%,9
https://www.vinbot.dk/vine/kistler-kistler-les-noisetiers-chardonnay-2023-da30c9b2,0,5,0%,9
https://www.vinbot.dk/vine/matusko-matusko-dingac-reserva-2017-b9e7c765,0,5,0%,10
https://www.vinbot.dk/den-sidste-flaske/vin/saint-amour-beaujolais-2022,0,5,0%,13
https://www.vinbot.dk/vine/8wines-staff-8wines-staff-picks-red-wine-tasting-34907dac,0,5,0%,14.2
https://www.vinbot.dk/vine/la-s-ur-cadette-la-s-ur-cadette-2023-bourgogne-b-c60b5cda,0,5,0%,16.4
https://www.vinbot.dk/opskrifter/lammekoteletter-i-rodvin,0,5,0%,19.2
https://www.vinbot.dk/opskrifter/fiskefrikadeller-i-hvidvinsauce,0,5,0%,24.2
https://www.vinbot.dk/vine/la-spinetta-la-spinetta-barolo-campe-2014-de3c300b,0,5,0%,24.6
https://www.vinbot.dk/opskrifter/crepes-suzette-med-hvidvin,0,5,0%,25.6
https://www.vinbot.dk/humoer-og-vin,0,5,0%,33.2
https://www.vinbot.dk/opskrifter/frikadeller-med-kartofler,0,5,0%,33.2
https://www.vinbot.dk/winefriends,0,5,0%,38.2
https://www.vinbot.dk/opskrifter/sennepssild,0,5,0%,63.6
https://www.vinbot.dk/vinforhandlere,0,5,0%,70.2
https://www.vinbot.dk/opskrifter/tomatsuppe-med-hvidvin,0,4,0%,1.25
https://www.vinbot.dk/vine/muri-n-v-muri-n-v-muri-x-anne-sophie-pic-uzume-7-98673ba8,0,4,0%,4
https://www.vinbot.dk/vine/ferreira-ferreira-vintage-2016-port-0-75-ltr-1a1b2a86,0,4,0%,4.5
https://www.vinbot.dk/vine/movia-movia-sivi-pinot-grigio-2023-9f147123,0,4,0%,4.5
https://www.vinbot.dk/vine/ktima-gerovassiliou-ktima-gerovassiliou-sauvigno-0f13914a,0,4,0%,5
https://www.vinbot.dk/vine/querciabella-querciabella-mongrana-bianco-2024-4f99b43c,0,4,0%,5
https://www.vinbot.dk/vine/vallana-vallana-gattinara-2021-0764ba44,0,4,0%,5.25
https://www.vinbot.dk/den-sidste-flaske/vin/coli-chianti-docg-2024,0,4,0%,5.5
https://www.vinbot.dk/vine/kozlovic-kozlovic-teran-2023-1ac93106,0,4,0%,5.5
https://www.vinbot.dk/vine/michelini-i-mufatto-dominio-del-challao-virna-20-1ade3d66,0,4,0%,5.5
https://www.vinbot.dk/vine/veuve-cliquot-ponsardin-champagne-bicentenaire-v-e6526db2,0,4,0%,6
https://www.vinbot.dk/vine/winefriends-dk-cellier-des-princes-grande-reserv-10de256d,0,4,0%,6
https://www.vinbot.dk/opskrifter/shawarma-tallerken,0,4,0%,6.25
https://www.vinbot.dk/lauridsen-vine/vin/sartori-valpolicella-ripasso-classico-superiore,0,4,0%,6.5
https://www.vinbot.dk/vine/barlife-dk-baya-baya-white-vermouth-75cl-e1274e4f,0,4,0%,6.5
https://www.vinbot.dk/opskrifter/oksesteg-med-rodvin,0,4,0%,7
https://www.vinbot.dk/vine/felsina-felsina-berardenga-chianti-classico-rise-f1cecb60,0,4,0%,7
https://www.vinbot.dk/vine/pinot-grigio-ramoro-pinot-grigio-orangevin-bio-c-c2039e8e,0,4,0%,7
https://www.vinbot.dk/vine/chateau-gigognan-gigognan-cdp-clos-du-roi-blanc-d14c4dfb,0,4,0%,7.25
https://www.vinbot.dk/opskrifter/tikka-masala-med-hvidvin,0,4,0%,7.75
https://www.vinbot.dk/vine/sartori-di-verona-sartori-di-verona-regolo-valpo-95dc412e,0,4,0%,8
https://www.vinbot.dk/opskrifter/karbonader-i-hvidvinsauce,0,4,0%,8.5
https://www.vinbot.dk/vine/manincor-manincor-mason-pinot-nero-2022-39d42614,0,4,0%,8.5
https://www.vinbot.dk/vine/tinazzi-tinazzi-ca-de-rocchi-amarone-della-valpo-ec704138,0,4,0%,8.75
https://www.vinbot.dk/guides/vin-gode-koeb-regioner,0,4,0%,9
https://www.vinbot.dk/vine/domaine-maldant-pauvelot-beaune-1er-cru-les-aigr-b3fdda4a,0,4,0%,9
https://www.vinbot.dk/vine/b-r-cohn-b-r-cohn-silver-label-pinot-noir-2021-1cf0ab2d,0,4,0%,10.5
https://www.vinbot.dk/opskrifter/braiseret-kylling-med-rodvin,0,4,0%,10.75
https://www.vinbot.dk/opskrifter/svinekoteletter-i-hvidvin,0,4,0%,12
https://www.vinbot.dk/opskrifter/paella-med-rodvin,0,4,0%,20
https://www.vinbot.dk/opskrifter/brisket-braiseret-i-rodvin,0,4,0%,21
https://vinbot.dk/pages/druer/semillon.html,0,4,0%,21.5
https://www.vinbot.dk/wine-store,0,4,0%,36.5
https://www.vinbot.dk/opskrifter/caprese,0,4,0%,43
https://www.vinbot.dk/lande/ungarn,0,4,0%,47
https://www.vinbot.dk/8wines,0,4,0%,59.75
https://www.vinbot.dk/vine/angels-cowboys-angels-cowboys-rose-2022-0f5468a1,0,4,0%,86.5
https://www.vinbot.dk/vine/dh-wines-anthonij-rupert-lormarins-brut-classiqu-6ade9db1,0,3,0%,1
https://vinbot.dk/guides/koeb-vin-online-sadan-holder-du-styr-paa-det,0,3,0%,2
https://www.vinbot.dk/opskrifter/blaeksprutte-i-rodvin,0,3,0%,2.33
https://www.vinbot.dk/opskrifter/svinekaebber-i-rodvinssky,0,3,0%,2.67
https://www.vinbot.dk/vine/ktima-gerovassiliou-ktima-gerovassiliou-chardonn-afd87132,0,3,0%,2.67
https://www.vinbot.dk/opskrifter/koldskal-med-hvidvin,0,3,0%,3.67
https://www.vinbot.dk/opskrifter/champignonsuppe-med-hvidvin,0,3,0%,4.33
https://www.vinbot.dk/vine/quintarelli-quintarelli-amarone-della-valpolicel-e527cb0d,0,3,0%,4.33
https://www.vinbot.dk/opskrifter/estofado-oksestuvning-i-rodvin,0,3,0%,4.67
https://www.vinbot.dk/vine/domaine-mazurd-ca-tes-du-rha-ne-0-75-l-domaine-m-e1bc21e6,0,3,0%,5
https://www.vinbot.dk/vine/joseph-burrier-joseph-burrier-domaine-de-la-roch-a06cce64,0,3,0%,5
https://www.vinbot.dk/vine/volarevic-volarevic-posip-2024-ee7cc970,0,3,0%,5.67
https://www.vinbot.dk/lande,0,3,0%,6.33
https://www.vinbot.dk/guides/bedste-chardonnay,0,3,0%,6.67
https://www.vinbot.dk/guides/vin-til-mors-dag,0,3,0%,7
https://www.vinbot.dk/vine/caymus-caymus-california-cabernet-sauvignon-2022-649b8763,0,3,0%,7
https://www.vinbot.dk/vine/de-wetshof-estate-de-wetshof-limestone-hill-char-e59586db,0,3,0%,7
https://www.vinbot.dk/vine/hubert-brochard-hubert-brochard-chateau-de-fonta-d07b4b48,0,3,0%,7
https://www.vinbot.dk/vine/fattoria-le-pupille-fattoria-le-pupille-poggio-v-711d868b,0,3,0%,7.33
https://www.vinbot.dk/vine/gocce-gocce-chardonnay-igp-terre-siciliane-2022-13b002da,0,3,0%,7.33
https://www.vinbot.dk/vine/zyme-zyme-60-20-20-cabernet-2021-99fe3fe8,0,3,0%,7.33
https://www.vinbot.dk/vine/adulation-adulation-chardonnay-2023-6b81b560,0,3,0%,7.67
https://www.vinbot.dk/vine/domaine-nico-domaine-nico-grande-mere-pinot-noir-9e3645a4,0,3,0%,7.67
https://www.vinbot.dk/vine/kerina-kerina-puglia-rosso-2024-b5630abe,0,3,0%,7.67
https://www.vinbot.dk/vine/zyme-zyme-from-black-to-white-2021-29022e01,0,3,0%,7.67
https://www.vinbot.dk/vine/fasoli-gino-gino-fasoli-orgno-2012-16cb2e28,0,3,0%,8
https://www.vinbot.dk/vine/roots-moonboy-chardonnay-eco-2022-960fde8d,0,3,0%,8
https://www.vinbot.dk/vine/winther-vin-quinta-do-portal-30-ars-tawny-01d338ed,0,3,0%,8
https://www.vinbot.dk/vine/blank-canvas-blank-canvas-abstract-sauvignon-bla-b67f1e27,0,3,0%,8.33
https://www.vinbot.dk/vine/chateau-de-meursault-chateau-de-meursault-meursa-e62b2b76,0,3,0%,8.33
https://www.vinbot.dk/vine/greywacke-greywacke-sauvignon-blanc-2024-a3b3fac6,0,3,0%,8.67
https://www.vinbot.dk/vine/shafer-shafer-one-point-five-cabernet-sauvignon-319fa5c6,0,3,0%,8.67
https://www.vinbot.dk/dh-wines/vin/antinori-villa-antinori-rosso-toscana-2023,0,3,0%,10
https://www.vinbot.dk/vine/ambroisie-rose-da-anjou-aoc-0-75-l-ambroisie-191e1acd,0,3,0%,10
https://www.vinbot.dk/vine/rapaura-springs-rapaura-springs-bull-paddock-sau-d8039e4d,0,3,0%,10
https://vinbot.dk/guides/bedste-portvin,0,3,0%,10.33
https://www.vinbot.dk/guides/bedste-julegavevin,0,3,0%,10.33
https://www.vinbot.dk/vine/stepping-stone-stepping-stone-helles-pilsner-5-4-17c74fef,0,3,0%,10.67
https://www.vinbot.dk/vine/taittinger-champagne-taittinger-vintage-brut-201-45f83055,0,3,0%,10.67
https://www.vinbot.dk/vine/whiskystack-la-vie-en-rose-86f2db45,0,3,0%,11
https://www.vinbot.dk/vine/orange-wine-orange-wine-premium-tasting-case-72efe724,0,3,0%,11.33
https://www.vinbot.dk/lande/israel,0,3,0%,12.67
https://www.vinbot.dk/vine/ca-momi-ca-momi-rosso-di-napa-2019-2edc5577,0,3,0%,13
https://www.vinbot.dk/opskrifter/grillet-tunboef-med-hvidvin,0,3,0%,14
https://www.vinbot.dk/opskrifter/piknik-sandwich-med-hvidvin-dressing,0,3,0%,14.67
https://www.vinbot.dk/vine/champagne-nicolas-maillart-champagne-nicolas-mai-d5aebfff,0,3,0%,17.67
https://www.vinbot.dk/vine/paolo-scavino-paolo-scavino-barolo-2022-ba5b3b63,0,3,0%,18.33
https://vinbot.dk/guides/sadan-vaelger-du-vinglas,0,3,0%,18.67
https://www.vinbot.dk/om-os,0,3,0%,23.33
https://www.vinbot.dk/opskrifter/brune-kartoffler-med-rodvin,0,2,0%,1
https://www.vinbot.dk/vine/domaine-de-montille-montille-chateau-de-puligny-7b5d1d72,0,2,0%,1
https://www.vinbot.dk/guides/vin-til-paaske-og-paaskefrokost,0,2,0%,1.5
https://www.vinbot.dk/vine/verdejo-2025-pomelado-dominio-de-punctum-orange-2b6b59f7,0,2,0%,3
https://www.vinbot.dk/guides/vin-til-brasiliansk-mad,0,2,0%,3.5
https://www.vinbot.dk/vine/antinori-antinori-castello-della-sala-bramito-de-93d8d16d,0,2,0%,3.5
https://www.vinbot.dk/vine/domaine-eden-domaine-eden-pinot-noir-2019-e2852ef7,0,2,0%,3.5
https://www.vinbot.dk/vine/clai-clai-ottocento-crno-2022-92c7921b,0,2,0%,4
https://www.vinbot.dk/vine/dh-wines-glen-carlou-collection-tannat-2020-1555ac27,0,2,0%,4
https://www.vinbot.dk/vine/famille-perrin-chateau-de-beaucastel-cotes-du-rh-0e2e24fb,0,2,0%,4
https://www.vinbot.dk/vine/ferdinand-s-saar-ferdinand-s-saar-gold-cap-gin-i-0ca8d6a8,0,2,0%,4
https://www.vinbot.dk/vine/iago-iago-chinuri-2024-fe1fbec2,0,2,0%,4
https://www.vinbot.dk/vine/petit-roy-petit-roy-hautes-cotes-de-beaune-vigne-7cfce060,0,2,0%,4
https://www.vinbot.dk/guides/vinregion-spanien,0,2,0%,4.5
https://www.vinbot.dk/opskrifter/forloren-hare-med-rodvin,0,2,0%,4.5
https://www.vinbot.dk/opskrifter/muslinger-i-hvidvin,0,2,0%,4.5
https://www.vinbot.dk/vine/domaine-carneros-domaine-carneros-cuvee-de-la-po-f95511e5,0,2,0%,4.5
https://www.vinbot.dk/vine/domaine-charvin-domaine-charvin-chateauneuf-du-p-d5353e44,0,2,0%,4.5
https://www.vinbot.dk/vine/domaine-michelot-domaine-michelot-meursault-les-f1492570,0,2,0%,4.5
https://www.vinbot.dk/vine/duckhorn-duckhorn-three-palms-merlot-2021-db4aa05c,0,2,0%,4.5
https://www.vinbot.dk/vine/la-mascota-la-mascota-malbec-2011-b6a6a384,0,2,0%,4.5
https://www.vinbot.dk/guides/vin-til-haveselskab,0,2,0%,5
https://www.vinbot.dk/opskrifter/stegt-flaesk-i-hvidvinsauce,0,2,0%,5
https://www.vinbot.dk/vine/agrapart-champagne-agrapart-atoma-grand-cru-d8e4bc15,0,2,0%,5
https://www.vinbot.dk/vine/chateau-gloria-chateau-gloria-2021-1ae232b5,0,2,0%,5
https://www.vinbot.dk/vine/olivier-ravoire-gigondas-rouge-2019-75-cl-0d39e4d9,0,2,0%,5
https://www.vinbot.dk/guides/vin-til-piknik,0,2,0%,5.5
https://www.vinbot.dk/vine/cartlidge-browne-cartlidge-browne-cabernet-sauvi-cbabe296,0,2,0%,5.5
https://www.vinbot.dk/guides/bobler-til-fredag,0,2,0%,6
https://www.vinbot.dk/vine/bodegas-garcia-figuero-figuero-crianza-2021-2a470b29,0,2,0%,6
https://www.vinbot.dk/vine/carpene-malvolti-carpene-malvolti-prosecco-rose-f00a0055,0,2,0%,6
https://www.vinbot.dk/vine/domaine-meo-camuzet-cote-d-or-cuvee-hemisphere-n-359ea0d1,0,2,0%,6
https://www.vinbot.dk/vine/edouard-delaunay-edouard-delaunay-beaune-1er-cru-fcf54d2b,0,2,0%,6
https://www.vinbot.dk/vine/folonari-folonari-vigne-a-porrona-montecucco-san-2f971683,0,2,0%,6
https://www.vinbot.dk/vine/susana-balbo-susana-balbo-benmarco-malbec-2022-d83affb5,0,2,0%,6
https://www.vinbot.dk/vine/white-star-chianti-623-4e652d11,0,2,0%,6
https://www.vinbot.dk/vine/boutari-boutari-grande-reserve-naoussa-2013-78341f4b,0,2,0%,6.5
https://www.vinbot.dk/vine/chateau-teyssier-les-asteries-saint-emilion-gran-9dbd5c29,0,2,0%,6.5
https://www.vinbot.dk/vine/domaine-roger-perrin-domaine-roger-perrin-chatea-d1c7a505,0,2,0%,6.5
https://www.vinbot.dk/vine/ferreira-ferreira-lbv-2019-port-d0be6c28,0,2,0%,6.5
https://www.vinbot.dk/vine/fontodi-fontodi-flaccianello-della-pieve-2021-a485947f,0,2,0%,6.5
https://www.vinbot.dk/vine/francois-carillon-francois-carillon-saint-aubin-22dd5d4b,0,2,0%,6.5
https://www.vinbot.dk/vine/giacomo-conterno-giacomo-conterno-barolo-cascina-e560f4e8,0,2,0%,6.5
https://www.vinbot.dk/vine/pol-roger-rose-vintage-2019-75-cl-9d2f61c8,0,2,0%,6.5
https://www.vinbot.dk/vine/schlossgut-ebringen-schlossgut-ebringen-pinot-no-20dd3911,0,2,0%,6.5
https://vinbot.dk/guides/vin-til-amerikansk-comfort-mad,0,2,0%,7
https://www.vinbot.dk/dh-wines/vin/son-prim-merlot-2022,0,2,0%,7
https://www.vinbot.dk/johnsen-wine/vin/domaine-bernard-fleuriet-sancerre-2024,0,2,0%,7
https://www.vinbot.dk/vine/dh-wines-lucien-le-moine-meursault-les-cras-2023-b235aef7,0,2,0%,7
https://www.vinbot.dk/vine/gitton-pere-et-fils-gitton-pere-et-fils-pouilly-69c9b638,0,2,0%,7
https://www.vinbot.dk/vine/j-lohr-j-lohr-seven-oaks-cabernet-sauvignon-2021-c32be700,0,2,0%,7
https://www.vinbot.dk/vine/miopasso-primitivo-miopasso-primitivo-2023-75-cl-cbbd3c36,0,2,0%,7
https://www.vinbot.dk/vine/mullineux-mullineux-syrah-2022-21dd0721,0,2,0%,7
https://www.vinbot.dk/vine/raventos-i-blanc-raventos-i-blanc-blanc-de-blanc-4ae0b9a3,0,2,0%,7
https://www.vinbot.dk/vine/antoine-lienhardt-antoine-lienhardt-cote-de-nuit-556a7419,0,2,0%,7.5
https://www.vinbot.dk/vine/burja-burja-noir-2022-5e541d90,0,2,0%,7.5
https://www.vinbot.dk/vine/champagne-domaine-la-borderie-champagne-domaine-002c22cf,0,2,0%,7.5
https://www.vinbot.dk/vine/ciacci-piccolomini-d-aragona-ciacci-piccolomini-555949ba,0,2,0%,7.5
https://www.vinbot.dk/vine/d-wine-llopart-reserva-brut-nature-2021-e9bbc6e9,0,2,0%,7.5
https://www.vinbot.dk/vine/dh-wines-domaine-jean-marc-brocard-chablis-1er-c-3ffb7ccf,0,2,0%,7.5
https://www.vinbot.dk/vine/dh-wines-johanneshof-reinisch-zweigelt-ried-frau-f5cfe37d,0,2,0%,7.5
https://www.vinbot.dk/vine/domaine-nico-domaine-nico-histoire-d-a-pinot-noi-7f677a44,0,2,0%,7.5
https://www.vinbot.dk/vine/elena-fucci-elena-fucci-titolo-pink-edition-2024-611f7713,0,2,0%,7.5
https://www.vinbot.dk/vine/feudi-salentini-feudi-salentini-gocce-primitivo-fab8a8ed,0,2,0%,7.5
https://www.vinbot.dk/vine/feudi-salentini-feudi-salentini-sassirossi-primi-1df44442,0,2,0%,7.5
https://www.vinbot.dk/vine/pinot-noir-pinot-meunier-chardonnay-champagne-vo-ca9d5210,0,2,0%,7.5
https://www.vinbot.dk/vine/veuve-clicquot-veuve-clicquot-rich-75cl-5f70e340,0,2,0%,7.5
https://www.vinbot.dk/johnsen-wine/vin/geil-spatburgunder-2023,0,2,0%,8
https://www.vinbot.dk/vine/canalicchio-di-sopra-canalicchio-di-sopra-brunel-5101134b,0,2,0%,8
https://www.vinbot.dk/vine/chateau-couhins-chateau-couhins-blanc-2015-8842b4b3,0,2,0%,8
https://www.vinbot.dk/vine/counoise-grenache-garnacha-syrah-shiraz-mourvedr-ec26b773,0,2,0%,8
https://www.vinbot.dk/vine/eben-sadie-eben-sadie-columella-2019-red-blend-83beb730,0,2,0%,8
https://www.vinbot.dk/vine/edi-simcic-edi-simcic-triton-lex-2022-c48ae351,0,2,0%,8
https://www.vinbot.dk/vine/edmond-de-rothschild-edmond-de-rothschild-rimape-d1a0d60e,0,2,0%,8
https://www.vinbot.dk/vine/kir-yianni-kir-yianni-l-esprit-du-lac-vieilles-v-f7a4a3f3,0,2,0%,8
https://www.vinbot.dk/vine/michel-arnould-fils-michel-arnould-fils-memoire-ba3cb8f9,0,2,0%,8
https://www.vinbot.dk/vine/muga-muga-prado-enea-gran-reserva-2016-c7b1c322,0,2,0%,8
https://www.vinbot.dk/vine/nervi-conterno-nervi-conterno-gattinara-vigna-mo-23ea18c3,0,2,0%,8
https://www.vinbot.dk/vine/solomnishvili-solomnishvili-saperavi-sio-2018-b0666a99,0,2,0%,8
https://www.vinbot.dk/vine/zlatan-otok-zlatan-otok-plavac-barrique-2020-0fe354d4,0,2,0%,8
https://www.vinbot.dk/guides/vin-til-australsk-bbq,0,2,0%,8.5
https://www.vinbot.dk/vine/ca-di-press-ca-di-press-barolo-perno-2020-b6ec592c,0,2,0%,8.5
https://www.vinbot.dk/vine/chateau-d-issan-chateau-d-issan-2017-44993a96,0,2,0%,8.5
https://www.vinbot.dk/vine/domaine-besson-domaine-besson-chablis-grand-cru-1093a7d1,0,2,0%,8.5
https://www.vinbot.dk/vine/domaine-henri-gilles-buisson-buisson-st-romain-s-333814f5,0,2,0%,8.5
https://www.vinbot.dk/vine/envinate-envinate-lousas-vina-de-aldea-2024-44b20b8e,0,2,0%,8.5
https://www.vinbot.dk/vine/gaja-gaja-sito-moresco-2023-bcfe0c27,0,2,0%,8.5
https://www.vinbot.dk/vine/oddero-oddero-barolo-2021-4634b2f0,0,2,0%,8.5
https://www.vinbot.dk/vine/podere-sapaio-podere-sapaio-bolgheri-superiore-s-69f79666,0,2,0%,8.5
https://www.vinbot.dk/vine/sartori-di-verona-sartori-di-verona-corte-bra-am-d656e1d8,0,2,0%,8.5
https://www.vinbot.dk/vine/vriesenhof-vriesenhof-kallista-2019-1a55f8a2,0,2,0%,8.5
https://www.vinbot.dk/vine/chateau-la-mascaronne-chateau-la-mascaronne-prov-208599b5,0,2,0%,9
https://www.vinbot.dk/vine/famille-brechet-chateau-de-vaudieu-chateauneuf-d-0da3ec54,0,2,0%,9
https://www.vinbot.dk/vine/jordan-jordan-nine-yards-chardonnay-2023-5dbe3314,0,2,0%,9
https://www.vinbot.dk/vine/la-spinetta-la-spinetta-barbera-d-asti-ca-di-pia-35049a09,0,2,0%,9
https://www.vinbot.dk/vine/689-cellars-689-cellars-six-eight-nine-red-2023-b18ff89e,0,2,0%,9.5
https://www.vinbot.dk/vine/cantina-sociale-di-santadi-cannonau-di-sardegna-54fe2a64,0,2,0%,9.5
https://www.vinbot.dk/vine/champagne-cuillier-champagne-cuillier-grande-res-d17b7947,0,2,0%,9.5
https://www.vinbot.dk/vine/la-chablisienne-la-chablisienne-chablis-premier-6576a3ad,0,2,0%,9.5
https://www.vinbot.dk/vine/laherte-freres-laherte-freres-n-v-les-7-solera-7-43a92c4f,0,2,0%,9.5
https://www.vinbot.dk/vine/ruffino-ruffino-riserva-ducale-chianti-classico-39a30d45,0,2,0%,9.5
https://www.vinbot.dk/vine/arzuaga-arzuaga-reserva-especial-2020-afd56903,0,2,0%,10
https://www.vinbot.dk/vine/bodega-chacra-bodega-chacra-sin-azufre-pinot-noi-da561f2a,0,2,0%,10
https://www.vinbot.dk/vine/dh-wines-domaine-philippe-bouzereau-corton-bress-8652718b,0,2,0%,10
https://www.vinbot.dk/vine/dumangin-fils-champagne-dumangin-fils-premier-cr-b0960af2,0,2,0%,10
https://www.vinbot.dk/vine/ferreira-dona-antonia-10-ars-tawny-portvin-478f4f07,0,2,0%,10
https://www.vinbot.dk/vine/ling-estate-vineyard-ancient-bush-vine-zinfandel-af57a275,0,2,0%,10
https://www.vinbot.dk/vine/long-shadows-long-shadows-pedestal-merlot-2021-93da5094,0,2,0%,10
https://www.vinbot.dk/vine/olivier-ravoire-gigondas-olivier-ravoire-gigonda-0d39e4d9,0,2,0%,10
https://www.vinbot.dk/vine/quinta-do-noval-quinta-do-noval-vintage-port-201-ba31b249,0,2,0%,10
https://www.vinbot.dk/vine/sylvain-morey-bourgogne-sylvain-morey-bourgogne-68448a01,0,2,0%,10
https://www.vinbot.dk/vine/el-enemigo-el-enemigo-el-mirador-single-vineyard-c8899bc5,0,2,0%,10.5
https://www.vinbot.dk/vine/vintage-champagne-premium-tasting-case-665cc739,0,2,0%,10.5
https://www.vinbot.dk/beer-me,0,2,0%,11
https://www.vinbot.dk/vine/chateau-angludet-margaux-2022-75-cl-4660315f,0,2,0%,11
https://www.vinbot.dk/vine/lagvinari-lagvinari-mtsvane-kakhuri-2021-f4595d8f,0,2,0%,11
https://www.vinbot.dk/vine/neil-ellis-neil-ellis-cabernet-sauvignon-jonkers-430975dd,0,2,0%,11
https://www.vinbot.dk/vine/pasqua-pasqua-mai-dire-mai-valpolicella-superior-01d78811,0,2,0%,11.5
https://www.vinbot.dk/vine/bouchard-pere-fils-bouchard-pere-fils-gevrey-cha-651e02b0,0,2,0%,12
https://www.vinbot.dk/vine/castello-di-verduno-castello-di-verduno-langhe-n-b32c05a2,0,2,0%,12
https://www.vinbot.dk/vine/champagne-veuve-olivier-fils-champagne-veuve-oli-d736d8cf,0,2,0%,12
https://www.vinbot.dk/vine/johnsen-wine-ramos-pinto-white-porto-c9e8b4ba,0,2,0%,12
https://www.vinbot.dk/vine/seghesio-seghesio-sonoma-zinfandel-2023-7483db7c,0,2,0%,12.5
https://www.vinbot.dk/vine/caravinserail-caravinserail-cdr-villages-sablet-b4a64f09,0,2,0%,13
https://www.vinbot.dk/opskrifter/rodspette-med-hvidvin,0,2,0%,13.5
https://www.vinbot.dk/vine/chronic-cellars-chronic-cellars-dead-nuts-2022-ceab02d3,0,2,0%,14.5
https://www.vinbot.dk/guides/bedste-vintervin,0,2,0%,15.5
https://www.vinbot.dk/vine/klet-brda-klet-brda-de-baguer-merlot-cabernet-fr-a44d17b7,0,2,0%,16.5
https://www.vinbot.dk/vine/aalto-aalto-ps-2023-8e40452c,0,2,0%,24
https://www.vinbot.dk/vine/domaine-de-la-pepiere-pepiere-muscadet-clisson-2-11ea8a6c,0,2,0%,28
https://www.vinbot.dk/vine/domaine-roger-belland-domaine-roger-belland-chas-8b3d5e97,0,2,0%,35
https://www.vinbot.dk/lande/frankrig,0,2,0%,55
https://www.vinbot.dk/mere-om-vin,0,2,0%,61.5
https://www.vinbot.dk/opskrifter/juleand,0,2,0%,67.5
https://www.vinbot.dk/lande/tyskland,0,2,0%,75
https://www.vinbot.dk/opskrifter/enchiladas-med-rodvin,0,1,0%,1
https://www.vinbot.dk/opskrifter/medister-i-rodvinssauce,0,1,0%,1
https://www.vinbot.dk/vine/dry-creek-vineyard-dry-creek-old-vine-zinfandel-89ec6c0c,0,1,0%,1
https://www.vinbot.dk/vine/meursault-tasting-case-meursault-tasting-case-9dd921c7,0,1,0%,1
https://www.vinbot.dk/vine/podere-forte-podere-forte-petruccino-2021-d1fda9a2,0,1,0%,1
https://vinbot.dk/guides/vin-til-brittisk-mad,0,1,0%,2
https://www.vinbot.dk/opskrifter/pesto-med-hvidvin,0,1,0%,2
https://www.vinbot.dk/vine/champagne-premium-tasting-case-champagne-premium-3ce79c0e,0,1,0%,2
https://www.vinbot.dk/vine/chateau-d-armailhac-chateau-d-armailhac-2018-a7f06463,0,1,0%,2
https://www.vinbot.dk/vine/cressiliani-luigi-figlio-fara-dessilani-luigi-fi-b241c221,0,1,0%,2
https://www.vinbot.dk/vine/d-wine-heritage-2018-287c083b,0,1,0%,2
https://www.vinbot.dk/vine/krug-krug-rose-ed28-75cl-45a9f03e,0,1,0%,2
https://www.vinbot.dk/vine/l-ecole-no-41-l-ecole-no-41-yakima-valley-chenin-06c5de5b,0,1,0%,2
https://www.vinbot.dk/vine/oxer-wines-oxer-wines-kalamity-2024-894e668d,0,1,0%,2
https://www.vinbot.dk/vine/pago-de-los-capellanes-pago-de-los-capellanes-cr-d2448919,0,1,0%,2
https://www.vinbot.dk/vine/rousanne-viognier-marsanne-grenache-blanc-claire-840c792d,0,1,0%,2
https://www.vinbot.dk/vine/vina-echeverria-vina-echeverria-pinot-noir-gran-3d63ef3a,0,1,0%,2
https://www.vinbot.dk/vine/bardet-chateau-pontet-fumet-1992-4faa3a60,0,1,0%,3
https://www.vinbot.dk/vine/barlife-dk-domaine-collet-champagne-fons-dionisl-7962a942,0,1,0%,3
https://www.vinbot.dk/vine/chateau-de-puligny-montrachet-chateau-de-puligny-43b93f25,0,1,0%,3
https://www.vinbot.dk/vine/chateau-purcari-chateau-purcari-limited-edition-80c70803,0,1,0%,3
https://www.vinbot.dk/vine/dh-wines-christophe-patrice-chablis-1er-cru-beau-2f1324e6,0,1,0%,3
https://www.vinbot.dk/vine/domaine-gresser-gresser-kritt-gewurz-2022-9e926816,0,1,0%,3
https://www.vinbot.dk/vine/l-ecole-no-41-l-ecole-no-41-columbia-valley-merl-8410bfb2,0,1,0%,3
https://www.vinbot.dk/vine/louis-roederer-louis-roederer-cristal-2006-brut-e7cdb293,0,1,0%,3
https://www.vinbot.dk/vine/renato-ratti-renato-ratti-barbera-d-alba-battagl-cb95689d,0,1,0%,3
https://www.vinbot.dk/vine/rizzardi-rizzardi-clos-roareti-verona-merlot-202-311c7a67,0,1,0%,3
https://www.vinbot.dk/vine/rodrigo-mendez-rodrigo-mendez-a-cruceira-albarin-3fe636a1,0,1,0%,3
https://www.vinbot.dk/vine/ruffino-libaio-2019-7a9c727d,0,1,0%,3
https://www.vinbot.dk/vine/sogrape-herdade-do-peso-alentejo-reserva-2021-7c80629c,0,1,0%,3
https://www.vinbot.dk/vine/uccelliera-uccelliera-brunello-di-montalcino-201-2a076174,0,1,0%,3
https://www.vinbot.dk/vine/vista-alegre-vista-alegre-lagrima-branco-75-cl-05ea3681,0,1,0%,3
https://www.vinbot.dk/guides/vin-til-pizza-og-pasta,0,1,0%,4
https://www.vinbot.dk/vine/alessandria-silvio-barolo-alessandria-silvio-197-a9061cc6,0,1,0%,4
https://www.vinbot.dk/vine/argentinian-malbec-premium-tasting-case-f1276e5f,0,1,0%,4
https://www.vinbot.dk/vine/barlife-dk-prosecco-brut-tor-dell-39-elmo-75cl-48cb6209,0,1,0%,4
https://www.vinbot.dk/vine/cakebread-cakebread-cabernet-sauvignon-2021-1e22dfe8,0,1,0%,4
https://www.vinbot.dk/vine/catherine-le-goeuil-cotes-du-rhone-rouge-2024-75-92f68724,0,1,0%,4
https://www.vinbot.dk/vine/chardonnay-2015-chablis-grand-cru-les-clos-vince-1c72224f,0,1,0%,4
https://www.vinbot.dk/vine/chateau-d-esclans-chateau-d-esclans-the-beach-by-39d16dc7,0,1,0%,4
https://www.vinbot.dk/vine/chateau-de-meursault-chateau-de-marsannay-rouge-0d859081,0,1,0%,4
https://www.vinbot.dk/vine/chevrey-monopole-tollot-beaut-savigny-champ-chev-75611bca,0,1,0%,4
https://www.vinbot.dk/vine/d-wine-silvanus-edicion-limitada-2020-e7b07d54,0,1,0%,4
https://www.vinbot.dk/vine/daou-daou-soul-of-a-lion-2019-6891c92b,0,1,0%,4
https://www.vinbot.dk/vine/dh-wines-armand-rousseau-clos-de-la-roche-grand-f0f17d4f,0,1,0%,4
https://www.vinbot.dk/vine/dh-wines-de-wetshof-estate-the-site-chardonnay-2-88b23193,0,1,0%,4
https://www.vinbot.dk/vine/dh-wines-lucien-le-moine-meursault-1er-cru-les-p-0d3a5ea2,0,1,0%,4
https://www.vinbot.dk/vine/domaine-pierre-guillemot-domaine-pierre-guillemo-9e639c32,0,1,0%,4
https://www.vinbot.dk/vine/duckhorn-duckhorn-decoy-cabernet-sauvignon-2022-c621ec05,0,1,0%,4
https://www.vinbot.dk/vine/el-enemigo-el-enemigo-as-bravas-malbec-2018-d906ba91,0,1,0%,4
https://www.vinbot.dk/vine/el-enemigo-el-enemigo-gran-enemigo-gualtallary-2-0fb9b0b8,0,1,0%,4
https://www.vinbot.dk/vine/gaja-camarcanda-2018-ca-marcanda-gaja-bolgheri-3b5e0994,0,1,0%,4
https://www.vinbot.dk/vine/la-scolca-la-scolca-gavi-dei-gavi-2024-case-961496b3,0,1,0%,4
https://www.vinbot.dk/vine/lucien-roguet-lucien-roguet-no-2-blanc-de-blancs-4bb3b483,0,1,0%,4
https://www.vinbot.dk/vine/mere-om-vin-geos-2020-syrah-fattoria-castellina-f15124ea,0,1,0%,4
https://www.vinbot.dk/vine/michel-arnould-michel-arnould-brut-reserve-mg-15-2432d212,0,1,0%,4
https://www.vinbot.dk/vine/michel-forgeron-michel-forgeron-vieille-reserve-0c525ca0,0,1,0%,4
https://www.vinbot.dk/vine/michelini-i-mufatto-dominio-del-challao-angelita-36b13225,0,1,0%,4
https://www.vinbot.dk/vine/olivier-leflaive-montagny-blanc-1er-cru-2022-oli-81341b42,0,1,0%,4
https://www.vinbot.dk/vine/remoissenet-pa-re-meursault-blanc-2021-remoissen-40667cfa,0,1,0%,4
https://www.vinbot.dk/vine/san-giusto-a-rentennano-san-giusto-a-rentennano-96a4ecb5,0,1,0%,4
https://www.vinbot.dk/vine/thaya-thaya-apri-pinot-noir-2023-edde09b8,0,1,0%,4
https://www.vinbot.dk/vine/unknown-stravecchio-vergine-1930-352032b1,0,1,0%,4
https://www.vinbot.dk/vine/weingut-vorgrimmler-sr-weingut-vorgrimmler-sr-pi-e847280e,0,1,0%,4
https://vinbot.dk/guides/vin-til-julefrokost,0,1,0%,5
https://www.vinbot.dk/guides/vin-til-aebleskiver,0,1,0%,5
https://www.vinbot.dk/lauridsen-vine/vin/american-wings-chardonnay-2023,0,1,0%,5
https://www.vinbot.dk/opskrifter/aebleflaesk-med-hvidvin,0,1,0%,5
https://www.vinbot.dk/opskrifter/thai-gron-karry-med-hvidvin,0,1,0%,5
https://www.vinbot.dk/vine/badenhorst-secateurs-badenhorst-glensloos-chenin-747c8d87,0,1,0%,5
https://www.vinbot.dk/vine/barlife-dk-glenrothes-12-yo-speyside-single-malt-6a1b64b5,0,1,0%,5
https://www.vinbot.dk/vine/bodegas-vega-sicilia-ribera-del-duero-unico-bode-b8792733,0,1,0%,5
https://www.vinbot.dk/vine/cannonball-cannonball-merlot-2019-991a8923,0,1,0%,5
https://www.vinbot.dk/vine/casa-vinicola-morando-rivata-brachetto-spumante-03f3b139,0,1,0%,5
https://www.vinbot.dk/vine/chateau-angludet-margaux-chateau-angludet-margau-4660315f,0,1,0%,5
https://www.vinbot.dk/vine/cline-cline-chardonnay-2023-2350e8b0,0,1,0%,5
https://www.vinbot.dk/vine/de-martino-de-martino-la-cancha-cabernet-sauvign-d48d7e3e,0,1,0%,5
https://www.vinbot.dk/vine/denis-mark-haisma-morey-saint-denis-1-cru-les-ch-c4bc425a,0,1,0%,5
https://www.vinbot.dk/vine/dh-wines-domaine-jean-marc-brocard-petit-chablis-1521d07b,0,1,0%,5
https://www.vinbot.dk/vine/dh-wines-reinisch-bio-alter-rebstock-2022-d59059be,0,1,0%,5
https://www.vinbot.dk/vine/domaine-charles-audoin-domaine-charles-audoin-bo-e419cbff,0,1,0%,5
https://www.vinbot.dk/vine/domaine-de-la-dourbie-la-dourbie-igp-1781-gsm-ro-e8fe9fb6,0,1,0%,5
https://www.vinbot.dk/vine/el-principal-el-principal-calicanto-2019-faa0c261,0,1,0%,5
https://www.vinbot.dk/vine/heathcote-ii-heathcote-ii-shiraz-2017-rosdal-flu-738789bb,0,1,0%,5
https://www.vinbot.dk/vine/louis-roederer-scharffenberger-brut-rose-nv-usa-431aff0f,0,1,0%,5
https://www.vinbot.dk/vine/marques-de-murrieta-marques-de-murrieta-castillo-86822d2f,0,1,0%,5
https://www.vinbot.dk/vine/masciarelli-masciarelli-marina-cvetic-montepulci-254b6d2e,0,1,0%,5
https://www.vinbot.dk/vine/mere-om-vin-dolcetto-d-alba-doc-2021-cascina-alb-ee49c241,0,1,0%,5
https://www.vinbot.dk/vine/michel-fagot-michel-fagot-clos-de-mazilly-2008-7-446788f6,0,1,0%,5
https://www.vinbot.dk/vine/primitivo-zinfandel-chardonnay-pinot-noir-coppol-0b750079,0,1,0%,5
https://www.vinbot.dk/vine/provence-rose-provence-rose-premium-tasting-case-0e2416ad,0,1,0%,5
https://www.vinbot.dk/vine/quintarelli-quintarelli-valpolicella-classico-su-5fe5f025,0,1,0%,5
https://www.vinbot.dk/vine/robert-mondavi-robert-mondavi-oakville-cabernet-1a68e50c,0,1,0%,5
https://www.vinbot.dk/vine/sassetti-livio-pertimali-sassetti-livio-pertimal-6ff12402,0,1,0%,5
https://www.vinbot.dk/vine/spinelli-pecorino-bib-3-l-spinelli-56eef652,0,1,0%,5
https://www.vinbot.dk/vine/two-rivers-two-rivers-juliet-riesling-2023-28225688,0,1,0%,5
https://www.vinbot.dk/vine/vite-colte-barbaresco-docg-la-casa-in-collina-20-06f5f85a,0,1,0%,5
https://www.vinbot.dk/guides/merlot-fra-saint-emilion,0,1,0%,6
https://www.vinbot.dk/guides/pinot-noir-druen,0,1,0%,6
https://www.vinbot.dk/guides/sauvignon-blanc-druen,0,1,0%,6
https://www.vinbot.dk/guides/vin-brevkassen,0,1,0%,6
https://www.vinbot.dk/opskrifter/groenlangkaal-med-hvidvin,0,1,0%,6
https://www.vinbot.dk/opskrifter/paerer-i-rodvin,0,1,0%,6
https://www.vinbot.dk/vine/barlife-dk-messias-burtons-tawny-port-75cl-6e730523,0,1,0%,6
https://www.vinbot.dk/vine/bodegas-langa-garnacha-bodegas-langa-garnacha-bl-96b8edf4,0,1,0%,6
https://www.vinbot.dk/vine/cabernet-franc-cabernet-sauvignon-merlot-2022-ch-baf8ef4a,0,1,0%,6
https://www.vinbot.dk/vine/chateau-mangot-chateau-mangot-saint-emilion-gran-a1d14a2e,0,1,0%,6
https://www.vinbot.dk/vine/christianelund-vingard-solaris-vest-2021-75-cl-e2655397,0,1,0%,6
https://www.vinbot.dk/vine/dh-wines-domaine-jean-marc-brocard-chablis-grand-e7e71cca,0,1,0%,6
https://www.vinbot.dk/vine/domaine-a-f-gros-domaine-a-f-gros-bourgogne-pino-fcbb309d,0,1,0%,6
https://www.vinbot.dk/vine/domaine-du-nozay-sancerre-dolium-nozay-2020-e8a6fa43,0,1,0%,6
https://www.vinbot.dk/vine/fuligni-fuligni-toscana-s-j-san-jacopo-2021-dcf6b3b8,0,1,0%,6
https://www.vinbot.dk/vine/gitton-pere-et-fils-gitton-pere-et-fils-sancerre-6a78570e,0,1,0%,6
https://www.vinbot.dk/vine/grower-champagne-premium-tasting-case-2ff3e51e,0,1,0%,6
https://www.vinbot.dk/vine/la-chablisienne-la-chablisienne-chablis-grand-cr-d24149ab,0,1,0%,6
https://www.vinbot.dk/vine/latium-morini-latium-morini-valpolicella-2017-17a0ad93,0,1,0%,6
https://www.vinbot.dk/vine/le-guaite-di-noemi-le-guaite-di-noemi-solitario-3585b2dc,0,1,0%,6
https://www.vinbot.dk/vine/louis-roederer-louis-roederer-carte-blanche-245-83fec846,0,1,0%,6
https://www.vinbot.dk/vine/lucien-roguet-lucien-roguet-no-5-rose-grand-cru-7c649d8e,0,1,0%,6
https://www.vinbot.dk/vine/maison-louis-latour-cuvee-heritiers-latour-chamb-247b44f3,0,1,0%,6
https://www.vinbot.dk/vine/marjan-simcic-marjan-simcic-pinot-noir-cru-selec-4a2660f9,0,1,0%,6
https://www.vinbot.dk/vine/pascal-doquet-doquet-brut-1er-cru-vertus-2009-f0c7bf98,0,1,0%,6
https://www.vinbot.dk/vine/san-marzano-vini-talo-negroamaro-2022-feudi-di-s-2d2d712c,0,1,0%,6
https://www.vinbot.dk/vine/tchotiashvili-tchotiashvili-dark-uta-2020-b24c4ca9,0,1,0%,6
https://www.vinbot.dk/vine/white-star-chianti-1394-white-star-chianti-1394-b9fe010b,0,1,0%,6
https://www.vinbot.dk/vine/winther-vin-chateau-la-clariere-laithwaite-cotes-251d0fe5,0,1,0%,6
https://www.vinbot.dk/den-sidste-flaske/vin/fratelli-aresca-nizza-docg-2021,0,1,0%,7
https://www.vinbot.dk/guides/bedste-syrah-under-100-kr,0,1,0%,7
https://www.vinbot.dk/guides/vinregion-europa-central-og-oest,0,1,0%,7
https://www.vinbot.dk/opskrifter/ossobuco-med-hvidvin,0,1,0%,7
https://www.vinbot.dk/vine/barlife-dk-rose-primitivo-boccantino-2023-e3152021,0,1,0%,7
https://www.vinbot.dk/vine/binekhi-binekhi-otskhanuri-sapere-2021-7b8920f1,0,1,0%,7
https://www.vinbot.dk/vine/chateau-angludet-margaux-chateau-angludet-margau-e7fad8f4,0,1,0%,7
https://www.vinbot.dk/vine/chateau-plaisance-chateau-placey-1997-sauternes-03fd7258,0,1,0%,7
https://www.vinbot.dk/vine/chateau-romassan-etoile-rose-2021-domaines-ott-p-567e2d45,0,1,0%,7
https://www.vinbot.dk/vine/clos-pegase-clos-pegase-napa-valley-cabernet-sau-17829922,0,1,0%,7
https://www.vinbot.dk/vine/domaine-lupe-cholet-lupe-cholet-gevrey-chamberti-fe5e3e34,0,1,0%,7
https://www.vinbot.dk/vine/hamilton-russell-hamilton-russell-pinot-noir-202-feeca1a9,0,1,0%,7
https://www.vinbot.dk/vine/larios-larios-gin-rose-fl-70-d3283584,0,1,0%,7
https://www.vinbot.dk/vine/miopasso-pinot-grigio-miopasso-pinot-grigio-2024-d1d7418a,0,1,0%,7
https://www.vinbot.dk/vine/mordoree-mordoree-tavel-rose-la-reine-des-bois-2-2cc6f62b,0,1,0%,7
https://www.vinbot.dk/vine/philippe-colin-philippe-colin-chassagne-montrach-be116034,0,1,0%,7
https://www.vinbot.dk/vine/querciabella-querciabella-chianti-classico-2022-25b6e8f3,0,1,0%,7
https://www.vinbot.dk/vine/rathfinny-wine-estate-classic-cuvee-brut-sussex-a39f08a5,0,1,0%,7
https://www.vinbot.dk/vine/schloss-gobelsburg-schloss-gobelsburg-ried-gaisb-3f60fbf7,0,1,0%,7
https://www.vinbot.dk/vine/tolpuddle-vineyard-tolpuddle-vineyard-pinot-noir-c33bf667,0,1,0%,7
https://www.vinbot.dk/vine/unknown-cwg-ataraxia-under-the-gavel-chardonnay-1e415a4c,0,1,0%,7
https://www.vinbot.dk/vine/winefriends-hauts-des-coteaux-chateauneuf-du-pap-5a6c4a0f,0,1,0%,7
https://www.vinbot.dk/winther-vin/vin/earthquake-cabernet-sauvignon-2020,0,1,0%,7
https://www.vinbot.dk/guides/humoer-stemning-og-vin,0,1,0%,8
https://www.vinbot.dk/vine/barlife-dk-lurch-dej-shaker-0-75l-gra-transparen-bc855a4b,0,1,0%,8
https://www.vinbot.dk/vine/baron-albert-champagne-brut-2018-millesime-la-pr-3b69f206,0,1,0%,8
https://www.vinbot.dk/vine/chakana-chakana-ayni-malbec-2021-649e8177,0,1,0%,8
https://www.vinbot.dk/vine/chateau-montrose-2-cru-classe-saint-estephe-2020-e29a526f,0,1,0%,8
https://www.vinbot.dk/vine/clos-des-jacobins-clos-des-jacobins-2017-saint-e-bce67f5b,0,1,0%,8
https://www.vinbot.dk/vine/dolin-dolin-vermouth-blanc-0-75-ltr-f1cae812,0,1,0%,8
https://www.vinbot.dk/vine/domaine-bouzereau-domaine-bouzereau-meursault-ch-154068a9,0,1,0%,8
https://www.vinbot.dk/vine/domaine-du-nozay-domaine-du-nozay-sancerre-la-ro-67373128,0,1,0%,8
https://www.vinbot.dk/vine/domaine-meo-camuzet-domaine-meo-camuzet-vosne-ro-0eb0e97c,0,1,0%,8
https://www.vinbot.dk/vine/domaine-michel-magni-chambolle-musigny-fremieres-d34e5c18,0,1,0%,8
https://www.vinbot.dk/vine/fattoria-lavacchio-lavacchio-casanova-riserva-ch-69c0e3ca,0,1,0%,8
https://www.vinbot.dk/vine/gaja-gaja-pieve-santa-restituta-brunello-di-mont-c7d0e81b,0,1,0%,8
https://www.vinbot.dk/vine/joseph-colin-joseph-colin-bourgogne-blanc-les-ha-72ed332f,0,1,0%,8
https://www.vinbot.dk/vine/la-scolca-gavi-dei-gavi-2024-case-961496b3,0,1,0%,8
https://www.vinbot.dk/vine/marques-de-murrieta-marques-de-murrieta-dalmau-r-b612a21b,0,1,0%,8
https://www.vinbot.dk/vine/mas-doix-mas-doix-doix-2022-b389fb72,0,1,0%,8
https://www.vinbot.dk/vine/nervi-conterno-nervi-conterno-gattinara-vigna-mo-684dea3e,0,1,0%,8
https://www.vinbot.dk/vine/roark-wine-company-dots-roark-wine-company-dots-b46019f2,0,1,0%,8
https://www.vinbot.dk/vine/tchotiashvili-tchotiashvili-tavkveri-2020-2b1db2cd,0,1,0%,8
https://www.vinbot.dk/vine/unknown-abruzzo-bianco-vendemmia-1974-b634e1e0,0,1,0%,8
https://www.vinbot.dk/vine/wapisa-wapisa-malbec-2023-aa89ff0a,0,1,0%,8
https://www.vinbot.dk/vine/weingut-geils-frauenberg-riesling-weingut-geils-429eafb0,0,1,0%,8
https://www.vinbot.dk/vine/winther-vin-le-grand-chai-medoc-2019-0f8a8d78,0,1,0%,8
https://www.vinbot.dk/vine/zantho-zantho-eiswein-2020-37-5-cl-517aa812,0,1,0%,8
https://vinbot.dk/guides/vin-til-japansk-mad,0,1,0%,9
https://www.vinbot.dk/betingelser,0,1,0%,9
https://www.vinbot.dk/forhandlere,0,1,0%,9
https://www.vinbot.dk/opskrifter/daube-provencale-med-rodvin,0,1,0%,9
https://www.vinbot.dk/vine/belle-glos-belle-glos-balade-pinot-noir-2023-ccc031e2,0,1,0%,9
https://www.vinbot.dk/vine/catherine-le-goeuil-cairanne-catherine-le-goeuil-cec1eefc,0,1,0%,9
https://www.vinbot.dk/vine/caymus-sea-sun-by-caymus-pinot-noir-2020-a6517e01,0,1,0%,9
https://www.vinbot.dk/vine/chateau-de-saint-cosme-chateau-de-saint-cosme-gi-2570afba,0,1,0%,9
https://www.vinbot.dk/vine/chateau-meyney-chateau-meyney-2017-43202b00,0,1,0%,9
https://www.vinbot.dk/vine/clos-de-luz-clos-de-luz-massal-1945-carmenere-20-647f4867,0,1,0%,9
https://www.vinbot.dk/vine/dh-wines-abbotts-delaunay-languedoc-rouge-aop-gr-c9f1ee23,0,1,0%,9
https://www.vinbot.dk/vine/dh-wines-domaine-jean-marc-brocard-chablis-grand-76769921,0,1,0%,9
https://www.vinbot.dk/vine/dh-wines-son-prim-esnegre-blend-tinto-2023-22b74fc3,0,1,0%,9
https://www.vinbot.dk/vine/domaine-guy-yvan-dufouleur-domaine-guy-yvan-dufo-4a53bcb8,0,1,0%,9
https://www.vinbot.dk/vine/domaine-jean-jacques-girard-domaine-jean-jacques-4cd9b5ea,0,1,0%,9
https://www.vinbot.dk/vine/honig-honig-sauvignon-blanc-2023-82db3e04,0,1,0%,9
https://www.vinbot.dk/vine/jordan-jordan-barrel-fermented-chardonnay-2023-466d04bd,0,1,0%,9
https://www.vinbot.dk/vine/marengo-marengo-nebbiolo-d-alba-valmaggiore-2024-9955f46c,0,1,0%,9
https://www.vinbot.dk/vine/savagnin-vin-jaune-les-roussots-2016-domaine-bad-214fe855,0,1,0%,9
https://www.vinbot.dk/vine/solomnishvili-solomnishvili-saperavi-revolution-1162d0a2,0,1,0%,9
https://www.vinbot.dk/vine/vista-alegre-colheita-vista-alegre-colheita-2000-163f8551,0,1,0%,9
https://www.vinbot.dk/dh-wines/vin/badenhorst-raaigras-grenache-2023,0,1,0%,10
https://www.vinbot.dk/guides/bedste-weekendvin,0,1,0%,10
https://www.vinbot.dk/guides/cabernet-sauvignon-druen,0,1,0%,10
https://www.vinbot.dk/guides/gewurztraminer-druen,0,1,0%,10
https://www.vinbot.dk/guides/vin-til-pinse-og-kristi-himmelfart,0,1,0%,10
https://www.vinbot.dk/opskrifter/fish-and-chips-med-hvidvin,0,1,0%,10
https://www.vinbot.dk/pages/vin-til/ostebord-faste-oste.html,0,1,0%,10
https://www.vinbot.dk/vine/a-h-riise-a-h-riise-xo-reserve-port-cask-rum-fl-642e27f3,0,1,0%,10
https://www.vinbot.dk/vine/avegiano-bove-montepulciano-d-abruzzo-avegiano-b-37d6074b,0,1,0%,10
https://www.vinbot.dk/vine/barlife-dk-august-kesseler-riesling-lorch-ortswe-48cbac37,0,1,0%,10
https://www.vinbot.dk/vine/barlife-dk-deluxe-stainess-steel-cocktail-shaker-2bb3dd82,0,1,0%,10
https://www.vinbot.dk/vine/barone-montalto-barone-montalto-nero-d-avola-pas-9c851526,0,1,0%,10
https://www.vinbot.dk/vine/bodegas-felix-callejo-bodegas-felix-callejo-maju-1af02716,0,1,0%,10
https://www.vinbot.dk/vine/chateau-gigognan-gigognan-cdr-villages-signargue-12fd26ba,0,1,0%,10
https://www.vinbot.dk/vine/chateau-purcari-chateau-purcari-cuvee-de-purcari-d8a8e954,0,1,0%,10
https://www.vinbot.dk/vine/coravin-coravina-propper-til-mousserende-vin-2-s-24ccbb01,0,1,0%,10
https://www.vinbot.dk/vine/dh-wines-abbotts-og-delaunay-languedoc-rose-aop-c7511c94,0,1,0%,10
https://www.vinbot.dk/vine/dh-wines-lucien-le-moine-meursault-1er-cru-blagn-29cacb37,0,1,0%,10
https://www.vinbot.dk/vine/domaine-andre-bonhomme-domaine-andre-bonhomme-vi-22e19177,0,1,0%,10
https://www.vinbot.dk/vine/franz-haas-franz-haas-pinot-nero-2023-fed1d257,0,1,0%,10
https://www.vinbot.dk/vine/jean-michel-guillon-fils-jean-michel-guillon-fil-93005dc0,0,1,0%,10
https://www.vinbot.dk/vine/johnsen-wine-coravin-three-black-noir-a667e1bf,0,1,0%,10
https://www.vinbot.dk/vine/kendall-jackson-kendall-jackson-vintner-s-reserv-21301192,0,1,0%,10
https://www.vinbot.dk/vine/klein-constantia-klein-constantia-sauvignon-blan-884bde97,0,1,0%,10
https://www.vinbot.dk/vine/kylie-minogue-kylie-minogue-prosecco-rose-e5969ef6,0,1,0%,10
https://www.vinbot.dk/vine/le-guaite-di-noemi-le-guaite-di-noemi-valpolicel-60b0aaaa,0,1,0%,10
https://www.vinbot.dk/vine/marques-de-vargas-vina-marro-gran-reserva-bodega-ba944ba9,0,1,0%,10
https://www.vinbot.dk/vine/movia-movia-rebula-2024-c8c1f6b0,0,1,0%,10
https://www.vinbot.dk/vine/podere-sapaio-podere-sapaio-bolgheri-volpolo-202-e0d50dcd,0,1,0%,10
https://www.vinbot.dk/vine/ramos-pinto-ramos-pinto-quinta-de-ervamoira-vint-a2c10eec,0,1,0%,10
https://www.vinbot.dk/vine/spinelli-rosato-bib-3-l-spinelli-25f1a4ea,0,1,0%,10
https://www.vinbot.dk/vine/terroir-al-limit-terroir-al-limit-les-manyes-202-8f567991,0,1,0%,10
https://www.vinbot.dk/vine/uberti-uberti-franciacorta-saten-magnificentia-2-4aae7850,0,1,0%,10
https://www.vinbot.dk/vine/upsidedown-upsidedown-stoney-florals-grenache-20-d01cb06e,0,1,0%,10
https://www.vinbot.dk/guides/vin-til-mortensaften,0,1,0%,11
https://www.vinbot.dk/vine/argentinian-malbec-argentinian-malbec-premium-ta-f1276e5f,0,1,0%,11
https://www.vinbot.dk/vine/ata-rangi-ata-rangi-crimson-pinot-noir-2023-9f66e5c0,0,1,0%,11
https://www.vinbot.dk/vine/cantina-sociale-dei-colli-novaresi-cantina-socia-9998bfb0,0,1,0%,11
https://www.vinbot.dk/vine/cascina-luisin-cascina-luisin-barbaresco-minuto-fee98c20,0,1,0%,11
https://www.vinbot.dk/vine/champagne-lejeune-pere-fils-demi-sec-reserve-75-20db2448,0,1,0%,11
https://www.vinbot.dk/vine/champagne-pol-roger-champagne-pol-roger-reserve-46ae9a79,0,1,0%,11
https://www.vinbot.dk/vine/costa-lazaridi-costa-lazaridi-amethystos-cava-20-1979a7be,0,1,0%,11
https://www.vinbot.dk/vine/krug-krug-vintage-2011-75cl-4dac11c3,0,1,0%,11
https://www.vinbot.dk/vine/michael-david-winery-michael-david-winery-earthq-3d8d41f0,0,1,0%,11
https://www.vinbot.dk/vine/michel-arnould-michel-arnould-l-extra-brut-grand-55fd475d,0,1,0%,11
https://www.vinbot.dk/vine/oboe-oboe-superior-tinto-2023-3094aa6d,0,1,0%,11
https://www.vinbot.dk/vine/rapaura-springs-rapaura-springs-rohe-southern-va-37178252,0,1,0%,11
https://www.vinbot.dk/vine/san-pedro-de-yacochuya-san-pedro-de-yacochuya-to-4eefc1f6,0,1,0%,11
https://www.vinbot.dk/vine/sps-wine-shy-2025-gut-von-beiden-scheurebe-natur-fbfb775e,0,1,0%,11